id,first name,last name,email,gender,sub1_marks,sub2_marks,sub3_marks,total,Pass,Movie Genres
1,Shepperd,Werendell,swerendell0@wikia.com,Male,68,58,61,187,TRUE,Comedy|Drama
2,Sigrid,Jannasch,sjannasch1@aboutads.info,Female,21,60,22,103,FALSE,Adventure|Children|Drama
3,Dayle,Aggett,daggett2@moonfruit.com,Female,98,31,81,210,TRUE,Action|Comedy|Drama|Thriller
4,Ronnica,Sallier,rsallier3@stumbleupon.com,Female,93,89,86,268,TRUE,Adventure|Children|Comedy|Fantasy
5,Tierney,Mattheus,tmattheus4@t-online.de,Female,76,2,64,142,TRUE,Comedy|Horror
6,Rutherford,Gotter,rgotter5@google.com.au,Male,51,32,36,119,TRUE,Drama|Romance
7,Lyndy,Shreve,lshreve6@ft.com,Female,30,63,80,173,TRUE,Adventure|Children|Musical
8,Harlen,Hayzer,hhayzer7@constantcontact.com,Male,28,58,88,174,TRUE,Action|Crime|Thriller
9,Kimbra,Moline,kmoline8@free.fr,Female,73,44,86,203,TRUE,Documentary
10,Alexei,Innman,ainnman9@bing.com,Male,11,35,97,143,TRUE,Comedy
11,Armstrong,Romero,aromeroa@europa.eu,Male,67,17,29,113,TRUE,Action|Crime|Drama
12,Neysa,Penbarthy,npenbarthyb@soup.io,Female,50,82,15,147,TRUE,Comedy
13,Corabelle,Letty,clettyc@sbwire.com,Female,48,48,69,165,TRUE,Documentary
14,Madelaine,Gaddie,mgaddied@sitemeter.com,Female,15,96,12,123,TRUE,Drama
15,Amalie,Bes,abese@hatena.ne.jp,Female,60,6,83,149,TRUE,Drama|Fantasy|Mystery
16,Syd,Walcar,swalcarf@gnu.org,Male,83,43,1,127,TRUE,Crime|Thriller
17,Dominique,McShane,dmcshaneg@sohu.com,Male,27,51,30,108,TRUE,Horror|Mystery
18,Elbertine,Branchet,ebrancheth@boston.com,Female,73,2,38,113,TRUE,Western
19,Nathanil,Osgordby,nosgordbyi@studiopress.com,Male,68,46,20,134,TRUE,Drama
20,Jase,Cuttles,jcuttlesj@mit.edu,Male,NaN,76,1,77,FALSE,Action|Adventure|Comedy
21,Avictor,Croll,acrollk@tuttocitta.it,Male,97,65,29,191,TRUE,Comedy|Drama
22,Pearce,Ellaway,pellawayl@facebook.com,Male,44,68,62,174,TRUE,Animation|Comedy|Drama
23,Franny,Kaye,fkayem@nasa.gov,Female,31,65,73,169,TRUE,Documentary
24,Gideon,Nockalls,gnockallsn@mediafire.com,Male,27,67,89,183,TRUE,Drama
25,Ebeneser,Slocom,eslocomo@1688.com,Male,54,39,71,164,TRUE,Drama|Fantasy|Horror|Romance|Thriller
26,Cybil,Parlott,cparlottp@instagram.com,Female,83,9,10,102,FALSE,Comedy|Romance
27,Maren,Conant,mconantq@ibm.com,Female,31,72,88,191,TRUE,Drama|Romance
28,Lilia,Robeson,lrobesonr@nifty.com,Female,17,63,53,133,TRUE,Action|Romance|Thriller
29,Ulla,Pawlik,upawliks@pinterest.com,Female,68,16,38,122,TRUE,Documentary
30,Cyril,Sargint,csargintt@kickstarter.com,Male,75,81,1,204,TRUE,Comedy|Drama|Thriller
31,Christalle,Toal,ctoalu@go.com,Female,23,39,18,80,FALSE,Children|Comedy|Drama
32,Ana,Hetterich,ahetterichv@nsw.gov.au,Female,74,74,41,189,TRUE,Drama
33,Duffy,Simcock,dsimcockw@blogs.com,Male,42,51,65,158,TRUE,Comedy
34,Jakob,Maidlow,jmaidlowx@a8.net,Male,87,92,77,256,TRUE,Crime|Drama|Mystery|Thriller
35,Sorcha,Molson,smolsony@google.co.jp,Female,33,89,1,123,TRUE,Horror|Thriller
36,Gail,Gallemore,ggallemorez@free.fr,Male,26,98,54,178,TRUE,Action|Comedy|Mystery|Thriller
37,Monro,Dewing,mdewing10@nbcnews.com,Male,49,14,2,65,FALSE,Drama|Romance
38,Verene,McAllaster,vmcallaster11@lulu.com,Female,78,68,90,236,TRUE,Drama
39,Karlee,Hackley,khackley12@salon.com,Female,32,64,61,157,TRUE,Documentary
40,Viole,Careless,vcareless13@weather.com,Female,NaN,63,86,149,FALSE,Comedy|Fantasy|Romance
41,Carolann,Drinkel,cdrinkel14@unesco.org,Female,41,76,51,168,TRUE,Action|Adventure|Western
42,Lionel,Dowears,ldowears15@bandcamp.com,Male,85,21,98,204,TRUE,Comedy
43,Alford,Batteson,abatteson16@desdev.cn,Male,52,59,63,174,TRUE,Romance
44,Brannon,Mobberley,bmobberley17@microsoft.com,Male,87,2,17,106,TRUE,Drama|Romance|War
45,Tobit,Hendin,thendin18@umn.edu,Male,1,70,97,168,TRUE,Crime|Drama|Film-Noir
46,Alejandra,Bagley,abagley19@scribd.com,Female,86,84,59,229,TRUE,Drama
47,Norton,Leppingwell,nleppingwell1a@ovh.net,Male,17,95,55,167,TRUE,Comedy|Drama|War
48,Inglis,Groneway,igroneway1b@xrea.com,Male,67,15,96,178,TRUE,Comedy
49,Tresa,Solano,tsolano1c@vk.com,Female,39,51,89,179,TRUE,Crime|Thriller
50,Phelia,Pitway,ppitway1d@wiley.com,Female,51,66,67,184,TRUE,Thriller
51,Violet,Soitoux,vsoitoux1e@nytimes.com,Female,30,81,19,130,TRUE,Action
52,Felike,Bowery,fbowery1f@alexa.com,Male,57,4,75,136,TRUE,Comedy|Horror
53,Clevie,MacNeilly,cmacneilly1g@shareasale.com,Male,70,95,47,212,TRUE,Comedy|Drama|Romance
54,Clerkclaude,Karlsson,ckarlsson1h@umn.edu,Male,55,19,72,146,TRUE,Comedy
55,Annora,Legerwood,alegerwood1i@amazon.co.uk,Female,39,64,58,161,TRUE,Action|Adventure|Comedy|Thriller
56,Kathrine,Heyns,kheyns1j@ifeng.com,Female,83,77,70,230,TRUE,Drama|Horror
57,Berk,De la Yglesias,bdelayglesias1k@cocolog-nifty.com,Male,72,37,29,138,TRUE,Comedy
58,Iain,Drane,idrane1l@omniture.com,Male,67,92,55,214,TRUE,Children|Comedy|Musical
59,Allyce,Gibbett,agibbett1m@booking.com,Female,10,14,15,39,FALSE,Action|Drama|Thriller
60,Cecil,Goering,cgoering1n@earthlink.net,Male,49,NaN,95,111,TRUE,Adventure|Sci-Fi
61,Boote,Healks,bhealks1o@indiatimes.com,Male,27,1,59,87,FALSE,Drama|Romance
62,Reade,MacArd,rmacard1p@eventbrite.com,Male,59,33,87,179,TRUE,Comedy
63,Tyler,Engelbrecht,tengelbrecht1q@clickbank.net,Male,43,72,73,188,TRUE,Comedy
64,Rafaela,Obee,robee1r@rambler.ru,Female,37,77,25,139,TRUE,Sci-Fi|Thriller|Western
65,Dalia,Coppo,dcoppo1s@xing.com,Female,97,73,56,226,TRUE,Crime|Drama
66,Jedediah,Vanns,jvanns1t@cdc.gov,Male,75,64,63,202,TRUE,Comedy|Sci-Fi
67,Mattheus,Connealy,mconnealy1u@zimbio.com,Male,48,75,51,174,TRUE,Comedy|Romance
68,Milzie,OIlier,moilier1v@a8.net,Female,86,77,42,205,TRUE,Drama|Romance|War
69,Bonni,Cornelissen,bcornelissen1w@businessweek.com,Female,53,46,35,134,TRUE,Action|Adventure|Western
70,Arden,Killen,akillen1x@springer.com,Female,54,13,13,80,FALSE,Comedy
71,Rozele,Yakobovitz,ryakobovitz1y@europa.eu,Female,20,81,69,170,TRUE,Comedy
72,Frank,Craighall,fcraighall1z@live.com,Female,7,83,24,114,TRUE,Documentary
73,Baird,Kydd,bkydd20@businessweek.com,Male,52,95,49,196,TRUE,Comedy|Drama
74,Ailey,Barbe,abarbe21@ebay.com,Female,14,63,33,110,TRUE,Comedy|Drama|Romance
75,Adam,Liff,aliff22@msn.com,Male,56,8,10,74,FALSE,Comedy|Drama|Musical|Mystery
76,Victor,Aiskovitch,vaiskovitch23@elpais.com,Male,6,32,9,47,FALSE,Adventure|Documentary
77,Carlita,Newens,cnewens24@elpais.com,Female,2,45,73,120,TRUE,Romance
78,Geoff,Knighton,gknighton25@prlog.org,Male,91,34,50,175,TRUE,Comedy|Sci-Fi
79,Worth,Reynoollds,wreynoollds26@globo.com,Male,89,35,5,129,TRUE,Drama|Fantasy|Mystery
80,Flori,Quickenden,fquickenden27@bigcartel.com,Female,16,13,NaN,29,TRUE,Comedy|Romance
81,Allison,Momford,amomford28@e-recht24.de,Female,8,54,82,144,TRUE,Action|Comedy|Drama|Horror|Thriller
82,Con,Schneider,cschneider29@g.co,Female,13,42,70,125,TRUE,Comedy|Drama
83,Scott,Shephard,sshephard2a@nba.com,Male,57,50,21,128,TRUE,Comedy|Drama
84,Brooke,Nicely,bnicely2b@npr.org,Male,82,86,73,241,TRUE,Horror|Thriller
85,Vick,Mackerness,vmackerness2c@cloudflare.com,Male,9,74,67,150,TRUE,Drama|Romance
86,Ronica,Marishenko,rmarishenko2d@hexun.com,Female,53,79,22,154,TRUE,Comedy|Drama
87,Abigail,Mourbey,amourbey2e@yelp.com,Female,11,64,96,171,TRUE,Documentary
88,Maxwell,Clemintoni,mclemintoni2f@cnn.com,Male,56,56,49,161,TRUE,Comedy|Drama
89,Ken,Dowzell,kdowzell2g@si.edu,Male,95,2,10,107,TRUE,Action|Drama
90,Mozes,Josilevich,mjosilevich2h@ucoz.ru,Male,64,21,39,120,TRUE,Crime|Drama
91,Kalle,Riepel,kriepel2i@statcounter.com,Male,92,89,26,207,TRUE,Documentary|Musical
92,Susanne,Jizhaki,sjizhaki2j@hhs.gov,Female,78,67,49,194,TRUE,Comedy
93,Ford,Penk,fpenk2k@google.co.uk,Male,78,67,14,159,TRUE,Drama
94,Abey,Guppy,aguppy2l@umn.edu,Male,39,49,74,162,TRUE,Documentary
95,Zachery,Alloisi,zalloisi2m@wordpress.org,Male,77,35,33,145,TRUE,Horror|Sci-Fi|Thriller
96,Roth,Thomann,rthomann2n@4shared.com,Male,100,93,5,198,TRUE,Drama
97,Chrystel,Verriour,cverriour2o@opera.com,Female,57,91,41,189,TRUE,Comedy
98,Sigismund,Gelardi,sgelardi2p@shop-pro.jp,Male,100,100,10,210,TRUE,Comedy
99,Pepito,Bracco,pbracco2q@digg.com,Male,20,5,55,80,FALSE,Horror
100,Taddeo,Kissell,tkissell2r@ovh.net,Male,31,60,NaN,91,FALSE,Comedy|Drama
101,Fair,Bruckshaw,fbruckshaw2s@1688.com,Male,93,21,22,136,TRUE,Drama|Romance
102,Valerye,Pressnell,vpressnell2t@mail.ru,Female,56,71,37,164,TRUE,Comedy|Drama
103,Patric,Kynder,pkynder2u@msn.com,Male,19,98,65,182,TRUE,Animation|Children
104,Venita,Benninck,vbenninck2v@facebook.com,Female,62,6,17,85,FALSE,Drama
105,Carmel,Sparkes,csparkes2w@addtoany.com,Female,63,60,28,151,TRUE,Crime|Thriller
106,Melonie,Gislebert,mgislebert2x@example.com,Female,18,91,4,113,TRUE,Drama|Romance
107,Giffard,MacNockater,gmacnockater2y@sciencedirect.com,Male,78,17,57,152,TRUE,Comedy|Drama
108,Tammy,Lopes,tlopes2z@netvibes.com,Male,60,71,33,164,TRUE,Crime|Drama
109,Elisa,Gladhill,egladhill30@bizjournals.com,Female,66,2,20,88,FALSE,Drama
110,Carmelle,Ramalho,cramalho31@java.com,Female,72,65,71,208,TRUE,Action|Adventure|Drama|Fantasy|Romance
111,Victoir,Dimberline,vdimberline32@adobe.com,Male,60,86,59,205,TRUE,Western
112,Pauly,Malkin,pmalkin33@cam.ac.uk,Female,3,100,63,166,TRUE,Drama
113,Loreen,Oliphard,loliphard34@samsung.com,Female,36,16,63,115,TRUE,Adventure|Animation|Comedy
114,Bernardo,Malyj,bmalyj35@zimbio.com,Male,100,17,7,124,TRUE,Drama|Romance
115,Nadeen,Sinnett,nsinnett36@bigcartel.com,Female,21,17,70,108,TRUE,Crime|Drama
116,Davie,Capelen,dcapelen37@foxnews.com,Male,29,49,6,84,FALSE,Drama|Fantasy|Horror|Thriller|War
117,Elsbeth,Hollyard,ehollyard38@ebay.co.uk,Female,59,62,71,192,TRUE,Comedy
118,Gordan,Coombe,gcoombe39@odnoklassniki.ru,Male,70,28,86,184,TRUE,Adventure|Children|Drama
119,Livvyy,Daftor,ldaftor3a@si.edu,Female,87,51,76,214,TRUE,Comedy|Crime|Drama
120,Erminia,Ridout,eridout3b@spiegel.de,Female,NaN,95,5,9,TRUE,Drama
121,Nichole,Goold,ngoold3c@smh.com.au,Male,98,17,28,143,TRUE,Drama
122,Harmonia,Joannic,hjoannic3d@marketwatch.com,Female,76,34,13,123,TRUE,Documentary
123,Selina,Niess,sniess3e@usnews.com,Female,86,3,38,127,TRUE,Drama|War
124,Nessy,Cayette,ncayette3f@miitbeian.gov.cn,Female,87,58,50,195,TRUE,Comedy
125,Thomasin,Riehm,triehm3g@boston.com,Female,85,94,40,219,TRUE,Drama
126,Imelda,Carayol,icarayol3h@sciencedaily.com,Female,44,38,10,92,FALSE,Action
127,Stan,Swancock,sswancock3i@ameblo.jp,Male,58,79,56,193,TRUE,Crime|Drama
128,Inness,Lavington,ilavington3j@gizmodo.com,Male,11,42,53,106,TRUE,Horror|Mystery|Sci-Fi
129,Bentlee,Lightbourn,blightbourn3k@prnewswire.com,Male,46,1,72,119,TRUE,Documentary
130,Malorie,Boscher,mboscher3l@weebly.com,Female,11,52,63,126,TRUE,Crime|Drama|Film-Noir|Thriller
131,Adriana,Solway,asolway3m@chicagotribune.com,Female,5,96,64,165,TRUE,Drama|Mystery|Thriller
132,Frans,Sutherland,fsutherland3n@cpanel.net,Male,91,94,96,281,TRUE,Action|Crime|Drama
133,Melanie,Brandsen,mbrandsen3o@forbes.com,Female,28,63,19,110,TRUE,Action|Sci-Fi
134,Andris,Hintzer,ahintzer3p@spotify.com,Male,59,1,24,84,FALSE,Drama|Musical|Romance
135,Glenna,Jonathon,gjonathon3q@yellowbook.com,Female,84,73,50,207,TRUE,Drama
136,Amelina,Woodage,awoodage3r@fema.gov,Female,40,19,36,95,FALSE,Comedy|Drama|Horror
137,Bonnie,Lisciandro,blisciandro3s@time.com,Female,57,35,82,174,TRUE,Documentary
138,Valentijn,Pere,vpere3t@purevolume.com,Male,44,23,83,150,TRUE,Drama
139,Garnet,Wayon,gwayon3u@photobucket.com,Female,11,47,49,107,TRUE,Documentary
140,Morgan,Monni,mmonni3v@de.vu,Female,NaN,24,97,121,TRUE,Horror|Thriller
141,Lindy,Clemes,lclemes3w@blog.com,Female,87,6,82,175,TRUE,Action|Crime|Drama
142,Dredi,Danilovic,ddanilovic3x@bloglovin.com,Female,39,38,32,109,TRUE,Comedy
143,Geri,Stockbridge,gstockbridge3y@bbc.co.uk,Male,85,33,100,218,TRUE,Documentary
144,Jonie,Straneo,jstraneo3z@telegraph.co.uk,Female,90,88,54,232,TRUE,Comedy
145,Bernardina,Bett,bbett40@amazonaws.com,Female,39,4,42,85,FALSE,Comedy|Romance
146,Lyndel,Ianni,lianni41@wisc.edu,Female,84,53,95,232,TRUE,Drama
147,Carlin,Martinello,cmartinello42@msn.com,Male,32,48,12,92,FALSE,Drama
148,Barry,Cana,bcana43@mashable.com,Male,6,20,41,67,FALSE,Comedy
149,Ramon,Pearch,rpearch44@nature.com,Male,96,88,83,267,TRUE,Romance|Western
150,Humphrey,McGraw,hmcgraw45@msn.com,Male,11,21,53,160,FALSE,Comedy|Drama|Mystery|Thriller
151,Kate,Whelan,kwhelan46@google.ru,Female,76,6,69,151,TRUE,Drama
152,Wally,Seale,wseale47@biglobe.ne.jp,Female,43,50,49,142,TRUE,Drama
153,Korey,Berg,kberg48@jigsy.com,Male,86,44,41,171,TRUE,Action|Drama|War
154,Beth,Cashen,bcashen49@cbc.ca,Female,23,97,56,176,TRUE,Drama
155,Michel,Ferrand,mferrand4a@sina.com.cn,Female,16,100,98,214,TRUE,Documentary
156,Diandra,Capron,dcapron4b@privacy.gov.au,Female,5,6,49,60,FALSE,Comedy
157,Brendon,Jacmar,bjacmar4c@sogou.com,Male,94,42,57,193,TRUE,Comedy|Musical
158,Jerrie,Gillum,jgillum4d@tripadvisor.com,Male,5,56,79,140,TRUE,Comedy
159,Jeffry,Grunwall,jgrunwall4e@elegantthemes.com,Male,79,1,73,153,TRUE,Horror|Thriller
160,Natalina,McInteer,nmcinteer4f@pen.io,Female,33,99,NaN,132,FALSE,Action|Crime
161,Dylan,Ybarra,dybarra4g@deliciousdays.com,Male,54,80,19,153,TRUE,Comedy|Horror
162,Kristine,Micklewicz,kmicklewicz4h@ezinearticles.com,Female,24,32,56,112,TRUE,Documentary
163,Nikita,Rapa,nrapa4i@unc.edu,Male,75,52,82,209,TRUE,Documentary
164,Archibald,Millward,amillward4j@newsvine.com,Male,13,73,67,153,TRUE,Action|Adventure|Animation|Children
165,Brigg,Loft,bloft4k@jugem.jp,Male,81,24,14,119,TRUE,Drama|Romance
166,Godiva,Bottrill,gbottrill4l@hibu.com,Female,16,21,47,84,FALSE,Comedy|Crime|Romance
167,Roanna,Orford,rorford4m@miitbeian.gov.cn,Female,38,3,94,135,TRUE,Comedy
168,Dolly,Shapland,dshapland4n@domainmarket.com,Female,82,87,69,238,TRUE,Sci-Fi
169,Mahalia,Trouel,mtrouel4o@geocities.jp,Female,62,77,93,232,TRUE,Comedy|Drama
170,Leeann,Menico,lmenico4p@nih.gov,Female,83,88,61,232,TRUE,Drama|Romance
171,Moise,Cabera,mcabera4q@ovh.net,Male,11,3,46,60,FALSE,Drama
172,Candis,Baldacchi,cbaldacchi4r@technorati.com,Female,83,23,50,156,TRUE,Drama
173,Thorpe,Coyett,tcoyett4s@bloomberg.com,Male,74,79,99,252,TRUE,Drama
174,Bibbie,Mecco,bmecco4t@state.gov,Female,17,2,22,41,FALSE,Documentary
175,Linn,Grimston,lgrimston4u@ustream.tv,Female,53,79,52,184,TRUE,Drama|Romance
176,Griff,Carslake,gcarslake4v@joomla.org,Male,96,29,87,212,TRUE,Drama
177,Gabriel,Beaumont,gbeaumont4w@amazon.de,Male,64,60,53,177,TRUE,Action|Sci-Fi|Thriller
178,Arie,Petrashov,apetrashov4x@deviantart.com,Male,79,32,13,124,TRUE,Drama|Romance
179,Shell,Guisot,sguisot4y@netvibes.com,Male,14,43,33,90,FALSE,Western
180,Gibby,Hallin,ghallin4z@amazonaws.com,Male,81,NaN,75,260,TRUE,Crime|Drama
181,Nikolaos,Strowlger,nstrowlger50@livejournal.com,Male,61,90,38,189,TRUE,Comedy
182,Perri,Halewood,phalewood51@jimdo.com,Female,67,91,78,236,TRUE,Comedy
183,Cinda,Bonnor,cbonnor52@instagram.com,Female,62,67,9,138,TRUE,Documentary
184,Rudolph,Truluck,rtruluck53@ed.gov,Male,88,86,74,248,TRUE,Comedy|Sci-Fi
185,Elsi,Marchi,emarchi54@com.com,Female,44,20,15,79,FALSE,Drama
186,Nikolaos,Kapiloff,nkapiloff55@hao123.com,Male,77,5,79,161,TRUE,Documentary
187,Lynnell,Rymmer,lrymmer56@sfgate.com,Female,98,7,100,205,TRUE,Drama
188,Tatiana,Moyle,tmoyle57@ameblo.jp,Female,67,19,81,167,TRUE,Drama|Romance
189,Fayette,Bennell,fbennell58@buzzfeed.com,Female,9,24,65,98,FALSE,Comedy|Drama|Romance
190,Cecile,Finley,cfinley59@flickr.com,Female,84,13,35,132,TRUE,Sci-Fi|Thriller
191,Zebulen,Stampe,zstampe5a@mail.ru,Male,77,78,73,228,TRUE,Comedy|Drama
192,Reine,Woolaghan,rwoolaghan5b@icio.us,Female,57,7,71,135,TRUE,Drama
193,Jedediah,O'Fihillie,jofihillie5c@miibeian.gov.cn,Male,74,72,31,177,TRUE,Comedy|Horror
194,Terri-jo,Sarvar,tsarvar5d@spotify.com,Female,84,49,53,186,TRUE,Drama|Fantasy|Horror|Mystery|Thriller
195,Gilbertine,Fairlamb,gfairlamb5e@ihg.com,Female,86,31,62,179,TRUE,Western
196,Arin,Canceller,acanceller5f@bloomberg.com,Male,48,93,57,198,TRUE,Action|Adventure|Sci-Fi|IMAX
197,Kalila,Norsister,knorsister5g@economist.com,Female,80,73,62,215,TRUE,Drama
198,Chucho,Grennan,cgrennan5h@globo.com,Male,79,83,65,227,TRUE,Action|Sci-Fi|Thriller
199,Smith,Need,sneed5i@elegantthemes.com,Male,24,10,83,117,TRUE,Drama
200,Adan,Gammons,agammons5j@unicef.org,Male,31,NaN,68,99,TRUE,Drama
201,Marga,Fishleigh,mfishleigh5k@linkedin.com,Female,31,88,7,126,TRUE,Adventure|Drama|Sci-Fi
202,Timoteo,Scorah,tscorah5l@weather.com,Male,33,41,19,93,FALSE,Action|Drama
203,Tally,Wickwarth,twickwarth5m@twitter.com,Male,43,9,83,135,TRUE,Children|Comedy
204,Timmie,Hubberstey,thubberstey5n@unicef.org,Female,37,2,26,65,FALSE,Comedy|Drama|Musical|Romance
205,Ashley,Duckworth,aduckworth5o@google.com.hk,Female,66,34,24,124,TRUE,Action|Adventure
206,Bancroft,Eakle,beakle5p@shop-pro.jp,Male,4,41,63,108,TRUE,Drama
207,Bab,Conduit,bconduit5q@sakura.ne.jp,Female,82,24,30,136,TRUE,Action|Adventure|Comedy
208,Quinta,Giacoppo,qgiacoppo5r@desdev.cn,Female,11,8,60,79,FALSE,Drama|Thriller
209,Ginnie,Ruoff,gruoff5s@mit.edu,Female,75,6,79,160,TRUE,Animation
210,Sibby,MacMychem,smacmychem5t@joomla.org,Female,49,21,34,89,FALSE,Drama
211,Monroe,Spiers,mspiers5u@wiley.com,Male,57,100,57,214,TRUE,Drama
212,Fergus,Wimbridge,fwimbridge5v@people.com.cn,Male,64,98,54,216,TRUE,Comedy|Crime
213,Juline,Vass,jvass5w@va.gov,Female,72,15,16,103,FALSE,Comedy|Drama
214,Shay,Brizell,sbrizell5x@zimbio.com,Male,65,98,17,180,TRUE,Drama|Romance
215,Bentley,Risborough,brisborough5y@devhub.com,Male,53,37,11,101,FALSE,Drama
216,Adelaida,Sigars,asigars5z@instagram.com,Female,26,84,26,136,TRUE,Drama
217,Marena,Semmence,msemmence60@unicef.org,Female,26,29,29,84,FALSE,Comedy|Drama
218,Zachery,Tirrell,ztirrell61@house.gov,Male,80,64,7,151,TRUE,Drama|Romance|War
219,Anabel,Klemenz,aklemenz62@princeton.edu,Female,51,9,48,108,TRUE,Comedy|Horror|Thriller
220,Jolynn,Menis,jmenis63@soundcloud.com,Female,NaN,31,73,104,FALSE,Children|Comedy
221,Gav,Melross,gmelross64@digg.com,Male,70,17,68,155,TRUE,Action|Comedy|Crime
222,Morley,Warnock,mwarnock65@springer.com,Male,94,60,2,156,TRUE,Drama
223,Arlie,Acuna,aacuna66@dropbox.com,Female,20,38,4,62,FALSE,Drama
224,Karmen,Bartoshevich,kbartoshevich67@163.com,Female,51,27,78,156,TRUE,Crime|Drama
225,Mathian,McFetridge,mmcfetridge68@phpbb.com,Male,47,75,2,124,TRUE,Comedy|Horror|Mystery
226,Wilow,Dasent,wdasent69@nifty.com,Female,67,94,75,236,TRUE,Action|Comedy|Sci-Fi
227,Ailsun,Sterndale,asterndale6a@google.ru,Female,64,41,63,168,TRUE,Adventure|Children
228,Rianon,Pering,rpering6b@marketwatch.com,Female,99,61,84,244,TRUE,Adventure|Animation|Fantasy|Romance
229,Graeme,Joutapaitis,gjoutapaitis6c@twitter.com,Male,92,72,55,219,TRUE,Crime|Drama|Film-Noir|Thriller
230,Ralph,Hillan,rhillan6d@hhs.gov,Male,53,93,43,189,TRUE,Crime|Thriller
231,Gian,Cotmore,gcotmore6e@123-reg.co.uk,Male,65,64,2,131,TRUE,Action|Crime
232,Claudia,MacCaig,cmaccaig6f@engadget.com,Female,81,67,35,183,TRUE,Drama|Horror|Mystery
233,Heidi,Manna,hmanna6g@nifty.com,Female,12,57,53,122,TRUE,Western
234,Sande,Larner,slarner6h@walmart.com,Female,46,2,39,87,FALSE,Drama|Romance|Thriller|War
235,Jannel,Leschelle,jleschelle6i@cbsnews.com,Female,40,77,38,155,TRUE,Comedy|Romance
236,Obidiah,Moth,omoth6j@netvibes.com,Male,52,81,29,162,TRUE,Drama|Fantasy|Horror
237,Myrwyn,Thicking,mthicking6k@sogou.com,Male,99,39,22,160,TRUE,Action|Crime|Thriller
238,Kenton,Royl,kroyl6l@wikimedia.org,Male,95,41,59,195,TRUE,Documentary
239,Ana,Gres,agres6m@mysql.com,Female,89,99,11,199,TRUE,Drama
240,Elijah,Ironside,eironside6n@pcworld.com,Male,13,NaN,58,172,TRUE,Crime|Mystery|Thriller
241,Joane,Bernhardt,jbernhardt6o@unblog.fr,Female,46,73,94,213,TRUE,Comedy|Drama
242,Alys,Blackler,ablackler6p@deliciousdays.com,Female,47,51,88,186,TRUE,Comedy|Romance
243,Melinda,Hanbidge,mhanbidge6q@craigslist.org,Female,23,90,36,149,TRUE,Documentary
244,Wendye,Jedrych,wjedrych6r@apple.com,Female,55,73,28,156,TRUE,Drama
245,Clea,Coggon,ccoggon6s@deliciousdays.com,Female,68,55,21,144,TRUE,Action|Crime|Drama
246,Buddy,Emlen,bemlen6t@nydailynews.com,Male,68,57,16,141,TRUE,Action|Comedy
247,Filberto,Leads,fleads6u@sfgate.com,Male,77,5,95,177,TRUE,Drama
248,Huntley,Strauss,hstrauss6v@hp.com,Male,97,72,29,198,TRUE,Action|Drama|Thriller
249,Gibby,Lamy,glamy6w@sourceforge.net,Male,69,55,33,157,TRUE,Action|Crime
250,Adelbert,Priddis,apriddis6x@networksolutions.com,Male,16,72,56,144,TRUE,Children|Comedy|Fantasy|Horror
251,Gibb,Mullett,gmullett6y@mayoclinic.com,Male,34,60,2,96,FALSE,Thriller
252,Gwenneth,Paxman,gpaxman6z@shop-pro.jp,Female,28,58,61,147,TRUE,Drama|Romance
253,Veronica,L'Amie,vlamie70@taobao.com,Female,25,6,74,105,TRUE,Drama|Romance
254,Grissel,Gylle,ggylle71@naver.com,Female,52,15,44,111,TRUE,Documentary
255,Rutger,Ascraft,rascraft72@timesonline.co.uk,Male,59,69,51,179,TRUE,Drama
256,Kitty,Bruniges,kbruniges73@reuters.com,Female,19,32,86,137,TRUE,Comedy
257,Waiter,Malmar,wmalmar74@bbc.co.uk,Male,33,65,60,158,TRUE,Drama|Romance
258,Lyndel,McCerery,lmccerery75@slashdot.org,Female,34,18,83,135,TRUE,Comedy|Musical|Romance
259,Ula,Gilloran,ugilloran76@sakura.ne.jp,Female,24,100,20,144,TRUE,Comedy|Drama
260,Mattias,Cogle,mcogle77@prlog.org,Male,68,60,NaN,128,TRUE,Comedy|Musical|Romance
261,Beaufort,Paulin,bpaulin78@icio.us,Male,42,56,78,176,TRUE,Drama
262,Odelia,Petrovykh,opetrovykh79@ustream.tv,Female,10,30,82,122,TRUE,Documentary
263,Nobie,Kidsley,nkidsley7a@4shared.com,Male,71,97,28,196,TRUE,Comedy
264,Ardis,Maudett,amaudett7b@utexas.edu,Female,44,84,39,167,TRUE,Drama|Romance
265,Ibby,Sayburn,isayburn7c@de.vu,Female,31,70,40,141,TRUE,Horror|Thriller
266,Sindee,Haxby,shaxby7d@mapy.cz,Female,96,46,65,207,TRUE,Comedy|Musical|Romance
267,Irv,Ellerton,iellerton7e@netscape.com,Male,82,1,27,110,TRUE,Action|Crime|Drama|Thriller
268,Blake,McGlade,bmcglade7f@opensource.org,Female,74,63,35,172,TRUE,Horror
269,Ede,Pestor,epestor7g@bluehost.com,Female,43,39,55,137,TRUE,Drama|Mystery
270,King,Mushart,kmushart7h@omniture.com,Male,58,59,97,288,TRUE,Comedy|Romance
271,Kurt,Boriston,kboriston7i@typepad.com,Male,58,72,59,189,TRUE,Comedy|Drama
272,Loydie,Hails,lhails7j@mozilla.com,Male,42,61,71,174,TRUE,Horror|Thriller
273,Si,Albery,salbery7k@etsy.com,Male,11,16,44,71,FALSE,Comedy
274,Johna,Seifenmacher,jseifenmacher7l@typepad.com,Female,65,64,41,170,TRUE,Drama
275,Magdalen,Rengger,mrengger7m@cargocollective.com,Female,46,71,1,118,TRUE,Comedy|Drama
276,Damita,Shmyr,dshmyr7n@unicef.org,Female,16,47,86,149,TRUE,Drama
277,Halette,Nanson,hnanson7o@miitbeian.gov.cn,Female,50,2,27,79,FALSE,Thriller
278,Clarke,Markwick,cmarkwick7p@icio.us,Male,2,35,58,95,FALSE,Comedy|Drama
279,Olga,Timmons,otimmons7q@goo.gl,Female,50,93,77,220,TRUE,Comedy
280,Harlen,Cahalan,hcahalan7r@blogger.com,Male,38,NaN,61,99,TRUE,Comedy|Romance
281,Eydie,Metzig,emetzig7s@xinhuanet.com,Female,35,19,88,142,TRUE,Crime|Drama|Film-Noir|Romance|Thriller
282,Marlowe,Bastie,mbastie7t@tinyurl.com,Male,18,94,46,158,TRUE,Comedy|Drama|Fantasy
283,Jory,De Mattia,jdemattia7u@prweb.com,Male,56,99,82,237,TRUE,Comedy|Drama|Romance
284,Ximenes,Jesper,xjesper7v@squarespace.com,Male,79,81,88,248,TRUE,Drama
285,Shaylyn,Simmings,ssimmings7w@harvard.edu,Female,33,2,43,78,FALSE,Action|Mystery|Thriller
286,Anabelle,Hush,ahush7x@aol.com,Female,42,91,27,160,TRUE,Comedy|Romance
287,Harwilll,Badam,hbadam7y@bloomberg.com,Male,51,30,99,180,TRUE,Comedy|Drama
288,Bastian,Marnane,bmarnane7z@sina.com.cn,Male,56,89,69,214,TRUE,Comedy|Musical|Romance
289,Archambault,Lothlorien,alothlorien80@theglobeandmail.com,Male,12,75,78,165,TRUE,Crime|Drama
290,Giuditta,Simmonite,gsimmonite81@list-manage.com,Female,46,39,33,118,TRUE,Horror
291,Bernetta,Artois,bartois82@addtoany.com,Female,20,35,86,141,TRUE,Comedy|Romance|Thriller
292,Bettine,Mulvihill,bmulvihill83@zdnet.com,Female,44,27,38,109,TRUE,Action|Comedy|Crime
293,Nonah,Pahler,npahler84@meetup.com,Female,13,6,88,107,TRUE,Drama|Romance
294,Darlene,Petrashkov,dpetrashkov85@hhs.gov,Female,91,59,25,175,TRUE,Comedy
295,Walt,Oakley,woakley86@vk.com,Male,47,99,96,242,TRUE,Action|Adventure|Sci-Fi|War|IMAX
296,Bert,Vahl,bvahl87@mapy.cz,Female,1,53,92,146,TRUE,Adventure|Animation|Drama|Sci-Fi|War
297,Jeanelle,MacMenemy,jmacmenemy88@nsw.gov.au,Female,32,95,52,179,TRUE,Horror
298,Ichabod,Da Costa,idacosta89@tuttocitta.it,Male,60,28,10,98,FALSE,Horror|Thriller
299,Sioux,Episcopi,sepiscopi8a@latimes.com,Female,10,39,93,142,TRUE,Comedy|Drama
300,Tanney,Meenehan,tmeenehan8b@soup.io,Male,55,24,NaN,66,FALSE,Action|Comedy|Sci-Fi
301,Hersh,Francino,hfrancino8c@canalblog.com,Male,78,66,51,195,TRUE,Mystery|Romance|Thriller
302,Rafferty,Demcak,rdemcak8d@china.com.cn,Male,99,82,17,198,TRUE,Documentary|Drama
303,Ethelin,Stonier,estonier8e@cargocollective.com,Female,75,54,10,139,TRUE,Horror|Thriller
304,Hartwell,Sparrowe,hsparrowe8f@springer.com,Male,36,85,93,214,TRUE,Comedy|Horror
305,Farris,Dubique,fdubique8g@hugedomains.com,Male,11,58,61,130,TRUE,Comedy|Drama
306,Otes,Langfield,olangfield8h@washingtonpost.com,Male,89,28,18,135,TRUE,Drama
307,Sibylla,Luna,sluna8i@zimbio.com,Female,36,45,76,157,TRUE,Action|Crime|Mystery|Thriller
308,Annette,Murt,amurt8j@meetup.com,Female,28,41,86,155,TRUE,Action|Animation
309,Jock,Poulsum,jpoulsum8k@clickbank.net,Male,17,64,65,146,TRUE,Drama
310,Gabbie,Thundercliffe,gthundercliffe8l@nymag.com,Female,15,22,45,82,FALSE,Action|Drama
311,Cletus,Gilman,cgilman8m@mayoclinic.com,Male,58,12,7,77,FALSE,Action|Drama|War
312,Clarke,McLarens,cmclarens8n@ebay.com,Male,9,31,81,121,TRUE,Comedy|Musical
313,Marlon,Djurisic,mdjurisic8o@samsung.com,Male,88,43,93,224,TRUE,Comedy|Drama
314,Oswald,McMenamie,omcmenamie8p@senate.gov,Male,69,92,1,162,TRUE,Comedy|Drama
315,Pandora,Lummasana,plummasana8q@va.gov,Female,23,64,4,91,FALSE,Comedy|Drama|Fantasy|Mystery
316,Katina,Town,ktown8r@drupal.org,Female,27,80,20,127,TRUE,Action|Comedy|Horror|Thriller
317,Aileen,Kynsey,akynsey8s@behance.net,Female,23,54,100,177,TRUE,Crime|Drama
318,Audrye,Yanez,ayanez8t@baidu.com,Female,58,89,36,183,TRUE,Action|Adventure|Thriller
319,Rochell,Atcherley,ratcherley8u@un.org,Female,31,8,95,134,TRUE,Adventure|Western
320,Tate,Peschka,tpeschka8v@friendfeed.com,Male,76,NaN,21,97,TRUE,Documentary
321,Concordia,Cassell,ccassell8w@biglobe.ne.jp,Female,19,28,46,93,FALSE,Sci-Fi
322,Raquela,Juliano,rjuliano8x@networkadvertising.org,Female,90,94,89,273,TRUE,Documentary
323,Blondell,Benedicto,bbenedicto8y@mapy.cz,Female,59,18,35,112,TRUE,Comedy
324,Wang,Bezemer,wbezemer8z@surveymonkey.com,Male,32,100,40,172,TRUE,Sci-Fi
325,Martainn,De Simone,mdesimone90@scientificamerican.com,Male,60,21,88,169,TRUE,Crime|Drama|Mystery
326,Bancroft,Zanelli,bzanelli91@fastcompany.com,Male,42,79,32,153,TRUE,Drama
327,Deanne,MacWhirter,dmacwhirter92@smugmug.com,Female,76,69,87,232,TRUE,Action|Comedy
328,Clary,Grob,cgrob93@umich.edu,Female,38,55,18,111,TRUE,Documentary
329,Myer,Eginton,meginton94@weebly.com,Male,80,42,74,196,TRUE,Horror|Thriller
330,Xavier,Chazelas,xchazelas95@stanford.edu,Male,28,64,40,11,TRUE,Adventure|Drama
331,Terrill,Scoone,tscoone96@cam.ac.uk,Male,21,91,53,165,TRUE,Comedy|Drama
332,Beltran,Frew,bfrew97@sciencedaily.com,Male,87,3,65,155,TRUE,Horror|Mystery|Sci-Fi|Thriller
333,Ripley,Shepherdson,rshepherdson98@furl.net,Male,29,33,92,154,TRUE,Comedy|Drama|Musical|Romance
334,Alix,Dundridge,adundridge99@dropbox.com,Female,39,72,45,156,TRUE,Comedy|Drama|Romance
335,Carce,Gellan,cgellan9a@google.com.br,Male,47,62,49,158,TRUE,Crime|Drama
336,Leupold,Lowis,llowis9b@ustream.tv,Male,84,60,54,198,TRUE,Drama
337,Rriocard,Hehl,rhehl9c@japanpost.jp,Male,4,26,13,43,FALSE,Comedy|Crime
338,Jillayne,Luxton,jluxton9d@spotify.com,Female,79,44,35,158,TRUE,Crime|Drama|Horror|Mystery|Thriller
339,Ellette,Deane,edeane9e@pcworld.com,Female,52,81,5,138,TRUE,Crime|Drama|Mystery|Thriller
340,Corinna,Prover,cprover9f@cyberchimps.com,Female,29,54,NaN,83,FALSE,Drama
341,Sutherlan,Laroux,slaroux9g@woothemes.com,Male,22,45,46,113,TRUE,Drama|War
342,Blakeley,Splain,bsplain9h@umich.edu,Female,60,31,9,100,FALSE,Action|Adventure|Sci-Fi
343,Frederik,Nehls,fnehls9i@marriott.com,Male,23,63,35,121,TRUE,Action|Thriller
344,Alejandrina,Boulsher,aboulsher9j@histats.com,Female,88,21,83,192,TRUE,Drama
345,Pincus,Gudge,pgudge9k@dedecms.com,Male,83,1,54,138,TRUE,Drama
346,Forster,Anespie,fanespie9l@typepad.com,Male,5,41,28,74,FALSE,Comedy
347,Lilah,Blodgetts,lblodgetts9m@odnoklassniki.ru,Female,40,63,58,161,TRUE,Crime|Drama|Thriller
348,Fabiano,Ditch,fditch9n@go.com,Male,24,93,83,200,TRUE,Horror
349,Pasquale,Vargas,pvargas9o@bizjournals.com,Male,54,80,6,140,TRUE,Mystery
350,Jaymie,Aylott,jaylott9p@java.com,Male,76,70,62,208,TRUE,Adventure|Children|Drama
351,Felicia,Beckitt,fbeckitt9q@foxnews.com,Female,43,13,59,115,TRUE,Drama
352,Malva,Cartmill,mcartmill9r@globo.com,Female,78,41,33,152,TRUE,Action|Thriller
353,Nanette,Corzor,ncorzor9s@myspace.com,Female,55,42,17,114,TRUE,Sci-Fi|Thriller
354,Alberto,Mabbitt,amabbitt9t@omniture.com,Male,29,76,92,197,TRUE,Mystery|Sci-Fi
355,Teodor,Patriskson,tpatriskson9u@washingtonpost.com,Male,7,87,79,173,TRUE,Horror|Mystery|Thriller
356,Rona,Loyley,rloyley9v@booking.com,Female,32,49,12,93,FALSE,Comedy|Crime|Drama
357,Dallas,Cammomile,dcammomile9w@sakura.ne.jp,Female,18,35,18,71,FALSE,Drama|Mystery|Thriller
358,Alfredo,Verdy,averdy9x@ed.gov,Male,58,56,16,130,TRUE,Crime|Drama|Film-Noir
359,Tobit,Cusick,tcusick9y@timesonline.co.uk,Male,27,97,59,183,TRUE,Documentary
360,Alexa,Lippingwell,alippingwell9z@hhs.gov,Female,17,NaN,73,225,TRUE,Adventure|Drama|Romance
361,Robinet,Lockner,rlocknera0@google.com.br,Female,24,33,40,97,FALSE,Crime|Drama
362,Lowrance,Perfitt,lperfitta1@jigsy.com,Male,42,73,88,203,TRUE,Drama
363,Arvin,Wilfing,awilfinga2@wp.com,Male,63,69,21,153,TRUE,Comedy|Crime|Drama|Mystery
364,Sandye,Weedon,sweedona3@patch.com,Female,61,53,7,121,TRUE,Comedy|Musical|Romance
365,Nanice,Pyett,npyetta4@list-manage.com,Female,34,47,22,103,FALSE,Documentary
366,Harlan,Boxill,hboxilla5@prweb.com,Male,12,84,45,141,TRUE,Comedy|Western
367,Elisabet,Extill,eextilla6@squarespace.com,Female,82,17,72,171,TRUE,Documentary
368,Carmelina,Cann,ccanna7@si.edu,Female,58,96,70,224,TRUE,Crime|Horror|Thriller
369,Rogerio,Darco,rdarcoa8@spiegel.de,Male,33,68,87,188,TRUE,Action|Drama|Thriller
370,Hillel,Ridgedell,hridgedella9@privacy.gov.au,Male,28,62,36,126,TRUE,Drama
371,Donella,Hammel,dhammelaa@springer.com,Female,1,97,90,188,TRUE,Action|Comedy|Crime
372,Freemon,Locke,flockeab@ihg.com,Male,38,14,66,118,TRUE,Horror
373,Milo,Spyvye,mspyvyeac@ted.com,Male,38,41,87,166,TRUE,Horror|Mystery|Sci-Fi
374,Winifred,Stringfellow,wstringfellowad@nationalgeographic.com,Female,18,53,93,164,TRUE,Adventure|Comedy
375,Westley,Heggman,wheggmanae@smugmug.com,Male,77,1,30,108,TRUE,Crime|Drama|Film-Noir
376,Ambrose,Ebrall,aebrallaf@bbc.co.uk,Male,79,13,46,138,TRUE,Documentary
377,Helaine,Vonasek,hvonasekag@acquirethisname.com,Female,85,38,28,151,TRUE,Documentary
378,Val,Coggeshall,vcoggeshallah@github.com,Female,49,16,94,159,TRUE,Drama|Thriller
379,Dedra,Shales,dshalesai@goodreads.com,Female,46,100,21,167,TRUE,Western
380,Blakelee,Ben,bbenaj@canalblog.com,Female,99,92,NaN,191,TRUE,Romance
381,Godfry,Guiduzzi,gguiduzziak@aol.com,Male,81,52,74,207,TRUE,Comedy|Drama
382,Stormi,Tinham,stinhamal@indiegogo.com,Female,94,7,67,168,TRUE,Comedy
383,Genovera,McBean,gmcbeanam@hubpages.com,Female,42,24,80,146,TRUE,Horror|Mystery
384,Mariette,Bernardez,mbernardezan@yandex.ru,Female,83,2,4,89,FALSE,Drama|Sci-Fi
385,Teddie,Keyho,tkeyhoao@nasa.gov,Male,52,33,4,89,FALSE,Documentary
386,Gale,Batrip,gbatripap@vistaprint.com,Female,56,38,45,139,TRUE,Comedy|Western
387,Arlene,Mallen,amallenaq@imdb.com,Female,73,78,32,183,TRUE,Fantasy
388,Devora,Van Weedenburg,dvanweedenburgar@diigo.com,Female,77,44,87,208,TRUE,Drama|Romance
389,Mei,Malcher,mmalcheras@nba.com,Female,75,1,34,110,TRUE,Action|Adventure|Comedy|Fantasy
390,Alfred,Durram,adurramat@altervista.org,Male,12,56,66,213,TRUE,Animation|Comedy|Sci-Fi
391,Marielle,Whoston,mwhostonau@hexun.com,Female,40,90,12,142,TRUE,Comedy|Musical|Romance
392,Brena,Purdie,bpurdieav@creativecommons.org,Female,43,12,2,57,FALSE,Comedy|Drama|Thriller
393,Julee,Antonikov,jantonikovaw@sphinn.com,Female,32,58,47,137,TRUE,Action|Animation
394,Evin,Bainton,ebaintonax@nhs.uk,Male,80,25,98,203,TRUE,Action|Comedy|Fantasy
395,Yul,Goodbanne,ygoodbanneay@bing.com,Male,56,55,32,143,TRUE,Comedy|Romance
396,Sybyl,Hedney,shedneyaz@myspace.com,Female,5,44,77,126,TRUE,Drama|Romance
397,Dasie,Gaylor,dgaylorb0@twitpic.com,Female,14,55,28,97,FALSE,Crime|Thriller
398,Tedi,Dummett,tdummettb1@hugedomains.com,Female,30,43,71,144,TRUE,Drama
399,Cornela,Davet,cdavetb2@huffingtonpost.com,Female,76,13,53,142,TRUE,Drama|Romance
400,Doralynne,Lorkin,dlorkinb3@tinyurl.com,Female,22,45,NaN,67,TRUE,Adventure|Children|Comedy|Drama
401,Mason,Roches,mrochesb4@nytimes.com,Male,71,8,73,152,TRUE,Comedy
402,Rawley,Warwicker,rwarwickerb5@va.gov,Male,84,11,6,101,FALSE,Horror
403,Sidonia,Barfford,sbarffordb6@ask.com,Female,91,21,2,114,TRUE,Comedy
404,Pier,Gauntlett,pgauntlettb7@icq.com,Female,77,28,22,127,TRUE,Documentary
405,Corrinne,Abrahamsohn,cabrahamsohnb8@posterous.com,Female,27,10,90,127,TRUE,Drama
406,Quintilla,Oxborough,qoxboroughb9@networkadvertising.org,Female,57,73,63,193,TRUE,Documentary
407,Harmonia,Marrison,hmarrisonba@imgur.com,Female,91,73,14,178,TRUE,Action|Adventure
408,Tanny,Nowell,tnowellbb@lulu.com,Male,40,60,54,154,TRUE,Comedy|Drama|Romance
409,Elinore,Siderfin,esiderfinbc@forbes.com,Female,67,89,2,158,TRUE,Action|Thriller
410,Sissie,Voisey,svoiseybd@indiegogo.com,Female,6,57,98,161,TRUE,Action|Adventure|Fantasy|Horror
411,Sibeal,Maryin,smaryinbe@slideshare.net,Female,73,99,85,257,TRUE,Comedy
412,Brewster,Kydd,bkyddbf@a8.net,Male,54,67,77,198,TRUE,Drama
413,Cassie,Bullas,cbullasbg@harvard.edu,Female,72,8,15,95,FALSE,Drama|Romance
414,Maxie,Adolphine,madolphinebh@biblegateway.com,Female,86,67,35,188,TRUE,Drama|War
415,Cameron,Thomen,cthomenbi@columbia.edu,Male,55,76,82,213,TRUE,Comedy|Drama|Romance
416,Arthur,Balint,abalintbj@forbes.com,Male,77,10,31,118,TRUE,Drama
417,Greg,Ogdahl,gogdahlbk@unblog.fr,Male,61,85,18,164,TRUE,Documentary
418,Muffin,Godsafe,mgodsafebl@java.com,Female,63,7,24,94,FALSE,Crime|Drama|Thriller
419,Leupold,Folling,lfollingbm@economist.com,Male,90,31,4,125,TRUE,Adventure|Crime|Drama
420,Ernesto,Charity,echaritybn@slate.com,Male,NaN,8,6,182,FALSE,Documentary
421,Orson,Anderson,oandersonbo@hao123.com,Male,16,24,66,106,TRUE,Action|Adventure|Drama
422,Kimmi,Oloshin,koloshinbp@engadget.com,Female,65,11,82,158,TRUE,Drama
423,Kassie,Welden,kweldenbq@twitpic.com,Female,41,74,22,137,TRUE,Documentary
424,Evyn,Knappitt,eknappittbr@exblog.jp,Male,10,52,100,162,TRUE,Horror
425,Brooke,Magarrell,bmagarrellbs@imdb.com,Male,97,51,22,170,TRUE,Drama
426,Idette,O'Calleran,iocalleranbt@cornell.edu,Female,38,14,88,140,TRUE,Drama
427,Marven,Hrynczyk,mhrynczykbu@github.com,Male,64,94,57,215,TRUE,Crime|Thriller
428,Martin,Odney,modneybv@surveymonkey.com,Male,40,75,54,169,TRUE,Drama
429,Nancee,Kordes,nkordesbw@theglobeandmail.com,Female,53,94,53,200,TRUE,Drama|Horror
430,Claybourne,Battisson,cbattissonbx@bbb.org,Male,72,38,9,119,TRUE,Animation|Children
431,Cyndia,Giorgeschi,cgiorgeschiby@youku.com,Female,47,8,72,127,TRUE,Drama
432,Romeo,Haldene,rhaldenebz@taobao.com,Male,76,57,63,196,TRUE,Horror|Thriller
433,Marla,Wadworth,mwadworthc0@histats.com,Female,36,98,43,177,TRUE,Action|Thriller
434,Kym,Ganley,kganleyc1@netvibes.com,Female,78,26,16,120,TRUE,Adventure|Drama
435,Addi,Dracey,adraceyc2@1688.com,Female,82,25,23,130,TRUE,Horror
436,Charyl,McGuffog,cmcguffogc3@amazon.com,Female,5,83,62,150,TRUE,Action|Horror|Sci-Fi
437,Misti,Swain,mswainc4@prlog.org,Female,54,36,1,91,FALSE,Action|Thriller
438,Christy,Mollett,cmollettc5@hugedomains.com,Female,52,93,22,167,TRUE,Crime|Drama
439,Ingelbert,Lyburn,ilyburnc6@booking.com,Male,27,68,71,166,TRUE,Action|Adventure
440,Dunstan,Smee,dsmeec7@baidu.com,Male,24,21,NaN,45,TRUE,Adventure|Musical|Romance|Sci-Fi
441,Andree,Janus,ajanusc8@blogspot.com,Female,24,99,97,220,TRUE,Action|Adventure|Fantasy|Sci-Fi
442,Bronny,Galilee,bgalileec9@gravatar.com,Male,5,39,60,104,FALSE,Comedy|Drama|Romance
443,Marijo,Cuttle,mcuttleca@hatena.ne.jp,Female,72,27,11,110,TRUE,Crime|Drama
444,Tersina,Filyashin,tfilyashincb@elpais.com,Female,69,60,92,221,TRUE,Drama|Romance
445,Harrison,Balle,hballecc@narod.ru,Male,24,100,12,136,TRUE,Drama|Romance
446,Rourke,Kilgour,rkilgourcd@xinhuanet.com,Male,75,24,85,184,TRUE,Action|Comedy
447,Richart,Szymaniak,rszymaniakce@myspace.com,Male,81,50,58,189,TRUE,Action|Comedy
448,Umeko,Kybird,ukybirdcf@icq.com,Female,79,94,18,191,TRUE,Documentary|Musical
449,Janka,Appleford,japplefordcg@washingtonpost.com,Female,47,10,4,61,FALSE,Drama
450,Nicolle,Chartre,nchartrech@mapy.cz,Female,37,61,54,244,TRUE,Action|Crime|Western
451,Ashlee,Renwick,arenwickci@constantcontact.com,Female,19,59,3,81,FALSE,Drama
452,Arne,Gouth,agouthcj@godaddy.com,Male,50,80,29,159,TRUE,Comedy|Horror|Thriller
453,Ruthi,Tiffany,rtiffanyck@spotify.com,Female,19,76,6,101,FALSE,Documentary
454,Madel,Dayly,mdaylycl@ca.gov,Female,77,6,28,111,TRUE,Drama
455,Ives,Beekmann,ibeekmanncm@fotki.com,Male,78,98,17,193,TRUE,Action|Drama
456,Meade,Blenkharn,mblenkharncn@moonfruit.com,Male,76,76,58,210,TRUE,Fantasy|Horror|Mystery
457,Alleyn,Storah,astorahco@jugem.jp,Male,91,12,85,188,TRUE,Comedy
458,Sherman,Notley,snotleycp@vistaprint.com,Male,10,43,52,105,TRUE,Drama
459,Connie,Hovell,chovellcq@toplist.cz,Male,56,52,22,130,TRUE,Drama
460,Read,Taphouse,rtaphousecr@jimdo.com,Male,NaN,90,50,140,TRUE,Crime|Drama|Thriller
461,Waly,Kineton,wkinetoncs@cornell.edu,Female,94,60,36,190,TRUE,Crime|Drama|Horror|Mystery
462,Manny,MacNelly,mmacnellyct@house.gov,Male,25,92,53,170,TRUE,Action|Comedy|Musical
463,Feodor,O'Scollain,foscollaincu@oakley.com,Male,7,41,23,71,FALSE,Comedy|Musical|Romance
464,Ingrid,Quilleash,iquilleashcv@google.ca,Female,2,51,29,82,FALSE,Crime|Thriller
465,Ravid,Brakewell,rbrakewellcw@scribd.com,Male,61,25,9,95,FALSE,Adventure
466,Gabriel,Garron,ggarroncx@tinypic.com,Female,95,59,9,163,TRUE,Horror
467,Sacha,Fallowes,sfallowescy@joomla.org,Female,27,36,5,68,FALSE,Crime
468,Carlyle,Rudinger,crudingercz@bing.com,Male,52,36,41,129,TRUE,Action|Thriller
469,Nicola,Weddeburn - Scrimgeour,nweddeburnscrimgeourd0@nbcnews.com,Male,20,53,7,80,FALSE,Documentary
470,Inge,Shefton,isheftond1@addtoany.com,Female,35,13,81,129,TRUE,Action|Adventure|Sci-Fi|Thriller
471,Tabbie,Redfearn,tredfearnd2@samsung.com,Male,20,1,32,53,FALSE,Drama
472,Marty,Posnett,mposnettd3@virginia.edu,Female,16,21,78,115,TRUE,Crime|Drama|Thriller
473,Emanuel,Keirl,ekeirld4@amazon.co.uk,Male,48,55,66,169,TRUE,Animation|Children|Comedy
474,Broderick,Blacksell,bblackselld5@sina.com.cn,Male,66,8,52,126,TRUE,Drama|Sci-Fi
475,Shandeigh,Fishburn,sfishburnd6@statcounter.com,Female,69,15,18,102,FALSE,Comedy|Sci-Fi
476,Mortie,Crayden,mcraydend7@bigcartel.com,Male,86,31,50,167,TRUE,Comedy
477,Patti,Montrose,pmontrosed8@moonfruit.com,Female,4,6,46,56,FALSE,Drama
478,Brande,Bayfield,bbayfieldd9@g.co,Female,82,61,32,175,TRUE,Comedy|Crime
479,Putnam,Cesaric,pcesaricda@woothemes.com,Male,1,96,14,111,TRUE,Drama|Horror
480,Caroline,Domelow,cdomelowdb@theatlantic.com,Female,NaN,92,96,235,FALSE,Children|Drama|Musical
481,Garwood,Lawton,glawtondc@acquirethisname.com,Male,84,2,91,177,TRUE,Horror|Mystery|Thriller
482,Willie,Banbrook,wbanbrookdd@seesaa.net,Male,58,37,93,188,TRUE,Documentary
483,Rusty,Dyne,rdynede@multiply.com,Male,47,39,49,135,TRUE,Crime|Drama|Romance
484,Mady,Christoforou,mchristoforoudf@purevolume.com,Female,24,32,46,102,FALSE,Children|Comedy
485,Paco,Filson,pfilsondg@theatlantic.com,Male,80,3,83,166,TRUE,Animation|Children|Comedy
486,Milo,Cogle,mcogledh@sina.com.cn,Male,57,56,60,173,TRUE,Adventure|Children|Fantasy
487,Theodor,Neames,tneamesdi@weather.com,Male,81,98,75,254,TRUE,Horror
488,Natty,Spurier,nspurierdj@google.com.hk,Male,26,83,18,127,TRUE,Drama
489,Gradey,Cale,gcaledk@stanford.edu,Male,12,22,96,130,TRUE,Comedy|Drama
490,Casar,Nickels,cnickelsdl@cisco.com,Male,16,75,10,101,FALSE,Adventure|Drama|Thriller
491,Davidde,Laherty,dlahertydm@goo.gl,Male,66,6,12,84,FALSE,Action|Comedy|Sci-Fi
492,Miguela,Ivanikov,mivanikovdn@skype.com,Female,66,62,37,165,TRUE,Comedy
493,Christabel,Jerrans,cjerransdo@nifty.com,Female,57,97,60,214,TRUE,Drama|Thriller
494,Dwayne,Huortic,dhuorticdp@oaic.gov.au,Male,95,39,89,223,TRUE,Drama|Romance
495,Zared,Eliyahu,zeliyahudq@ovh.net,Male,28,96,40,164,TRUE,Drama
496,Estevan,Apple,eappledr@ehow.com,Male,92,66,96,254,TRUE,Drama
497,Maurise,Ball,mballds@boston.com,Male,40,20,29,89,FALSE,Drama
498,Umeko,Getsham,ugetshamdt@telegraph.co.uk,Female,76,98,86,260,TRUE,Drama|Romance
499,Becka,Umpleby,bumplebydu@phoca.cz,Female,24,47,18,89,FALSE,Animation|Comedy|Sci-Fi
500,Nathaniel,Stollsteiner,nstollsteinerdv@myspace.com,Male,79,11,NaN,90,FALSE,Documentary
501,Mona,Hilary,mhilarydw@deviantart.com,Female,35,7,55,97,FALSE,Action|Drama
502,Bradney,Clewlowe,bclewlowedx@mtv.com,Male,3,73,57,133,TRUE,Horror
503,Sydney,Verni,svernidy@marketwatch.com,Female,60,57,96,213,TRUE,Drama|Sci-Fi|IMAX
504,Dierdre,Brownsill,dbrownsilldz@paypal.com,Female,24,62,33,119,TRUE,Drama
505,Abran,Trent,atrente0@themeforest.net,Male,74,65,23,162,TRUE,Comedy|Drama
506,Yelena,Cutsforth,ycutsforthe1@vkontakte.ru,Female,33,72,87,192,TRUE,Thriller
507,Petronella,Luxton,pluxtone2@studiopress.com,Female,75,9,13,97,FALSE,Crime|Drama
508,Conney,Lindermann,clindermanne3@springer.com,Male,100,8,63,171,TRUE,Comedy
509,Bern,Byfield,bbyfielde4@godaddy.com,Male,24,11,50,85,FALSE,Comedy|Crime|Mystery
510,Warner,Medhurst,wmedhurste5@blogtalkradio.com,Male,63,35,58,181,TRUE,Animation
511,Rafferty,Arlett,rarlette6@eventbrite.com,Male,35,52,52,139,TRUE,Mystery|Thriller
512,Rhodie,Honig,rhonige7@dailymotion.com,Female,57,14,57,128,TRUE,Comedy|Romance
513,Antonietta,Mugglestone,amugglestonee8@patch.com,Female,13,95,14,122,TRUE,Comedy|Drama
514,Miriam,Silburn,msilburne9@netscape.com,Female,50,86,35,171,TRUE,Comedy|Romance
515,Dewie,Pointer,dpointerea@netvibes.com,Male,75,33,28,136,TRUE,Comedy
516,Glyn,Stuck,gstuckeb@devhub.com,Male,37,85,55,177,TRUE,Adventure|Children|Sci-Fi
517,Umeko,Dumblton,udumbltonec@parallels.com,Female,92,74,29,195,TRUE,Drama
518,Steffen,Murton,smurtoned@oracle.com,Male,49,58,99,206,TRUE,Drama
519,Terra,Whyman,twhymanee@aboutads.info,Female,89,89,71,249,TRUE,Action|Drama|War
520,Carling,Riste,cristeef@vkontakte.ru,Male,74,70,NaN,144,FALSE,Drama|Thriller
521,Bethena,Mor,bmoreg@google.co.uk,Female,78,57,49,184,TRUE,Adventure|Drama|Romance
522,Stephen,Sides,ssideseh@alexa.com,Male,64,53,34,151,TRUE,Drama
523,Lorry,Cabell,lcabellei@qq.com,Female,29,44,52,125,TRUE,Drama|War
524,Fayth,McTavish,fmctavishej@toplist.cz,Female,33,12,89,134,TRUE,Horror|Thriller
525,Carmina,Mowling,cmowlingek@hibu.com,Female,42,38,56,136,TRUE,Drama
526,Anjela,Mathissen,amathissenel@xing.com,Female,50,28,84,162,TRUE,Comedy|Drama|Musical
527,Emelina,Belson,ebelsonem@japanpost.jp,Female,69,62,98,229,TRUE,Documentary
528,Layton,Taylerson,ltaylersonen@issuu.com,Male,19,68,17,104,FALSE,Horror
529,Nickey,Hamlett,nhamletteo@abc.net.au,Male,16,7,99,122,TRUE,Comedy
530,Lezlie,Ovize,lovizeep@tamu.edu,Female,63,64,72,199,TRUE,Drama
531,Kelsey,Althorpe,kalthorpeeq@yahoo.com,Male,84,71,84,239,TRUE,Drama
532,Frederick,Showell,fshoweller@pbs.org,Male,29,2,95,126,TRUE,Drama
533,Goddart,Escofier,gescofieres@foxnews.com,Male,80,81,61,222,TRUE,Comedy|Fantasy|Horror
534,Niall,Westhoff,nwesthoffet@wsj.com,Male,79,13,99,191,TRUE,Drama
535,Munmro,Burlingham,mburlinghameu@ifeng.com,Male,76,31,17,124,TRUE,Documentary
536,Reggis,Messenbird,rmessenbirdev@plala.or.jp,Male,43,34,23,100,FALSE,Drama|Romance
537,Karl,Menault,kmenaultew@senate.gov,Male,50,71,31,152,TRUE,Drama|Horror|Thriller
538,Normie,Benny,nbennyex@state.gov,Male,73,64,45,182,TRUE,Comedy
539,Olia,Lupson,olupsoney@canalblog.com,Female,71,85,30,186,TRUE,Action|Sci-Fi
540,Delbert,Caw,dcawez@ustream.tv,Male,52,50,NaN,241,FALSE,Documentary
541,Ronald,Mortimer,rmortimerf0@who.int,Male,37,67,5,109,TRUE,Comedy|Drama|Romance
542,Saidee,Bielfeldt,sbielfeldtf1@latimes.com,Female,61,19,95,175,TRUE,Action|Comedy
543,Maryrose,Capp,mcappf2@usatoday.com,Female,18,64,11,93,FALSE,Drama|Film-Noir|Horror|Mystery
544,Mariska,Kennifick,mkennifickf3@spiegel.de,Female,83,38,36,157,TRUE,Horror|Thriller
545,Pasquale,Fontenot,pfontenotf4@arstechnica.com,Male,95,24,50,169,TRUE,Sci-Fi|Thriller
546,Sela,Waddoups,swaddoupsf5@slideshare.net,Female,36,97,35,168,TRUE,Drama|Romance|War
547,Romona,Corp,rcorpf6@earthlink.net,Female,31,59,78,168,TRUE,Action|Comedy|Crime
548,Anjela,Claisse,aclaissef7@omniture.com,Female,38,31,85,154,TRUE,Crime|Drama|Thriller
549,Vlad,Stolworthy,vstolworthyf8@hostgator.com,Male,100,8,46,154,TRUE,Adventure|Children
550,Libbey,Skett,lskettf9@ustream.tv,Female,64,50,52,166,TRUE,Horror
551,Ketti,Fellgate,kfellgatefa@washingtonpost.com,Female,33,19,4,56,FALSE,Comedy|Fantasy|Musical|Romance
552,Ferd,Bessett,fbessettfb@wix.com,Male,49,29,34,112,TRUE,Documentary
553,Braden,Wigfall,bwigfallfc@indiegogo.com,Male,17,96,65,178,TRUE,Comedy|Romance
554,Loretta,McNea,lmcneafd@rakuten.co.jp,Female,78,84,97,259,TRUE,Action
555,Corny,Pheasant,cpheasantfe@friendfeed.com,Female,92,22,39,153,TRUE,Romance
556,Junie,Naper,jnaperff@example.com,Female,25,48,14,87,FALSE,Drama|Romance
557,Lucine,Heditch,lheditchfg@mayoclinic.com,Female,97,87,26,210,TRUE,Comedy|Drama
558,Grissel,Camings,gcamingsfh@unc.edu,Female,10,5,55,70,FALSE,Comedy
559,Nerissa,Jozwik,njozwikfi@fema.gov,Female,5,5,24,34,FALSE,Drama
560,Waiter,Ceresa,wceresafj@flavors.me,Male,65,NaN,93,158,FALSE,Horror
561,Hunter,Steane,hsteanefk@sohu.com,Male,85,10,8,103,FALSE,Drama|War
562,Letizia,Martinuzzi,lmartinuzzifl@princeton.edu,Female,79,62,17,158,TRUE,Documentary
563,Denney,MacElroy,dmacelroyfm@163.com,Male,80,87,56,223,TRUE,Drama|War
564,Ham,Crathorne,hcrathornefn@51.la,Male,82,32,66,180,TRUE,Drama
565,Jacquie,Josum,jjosumfo@ning.com,Female,60,71,33,164,TRUE,Thriller
566,Fanechka,Sprason,fsprasonfp@oaic.gov.au,Female,5,71,30,106,TRUE,Drama|Mystery
567,Francklyn,Burkwood,fburkwoodfq@google.it,Male,99,87,62,248,TRUE,Children|Drama|Fantasy|Musical
568,Zackariah,Kibby,zkibbyfr@npr.org,Male,95,41,82,218,TRUE,Crime|Drama
569,Giana,Muston,gmustonfs@storify.com,Female,28,62,3,93,FALSE,Action|Comedy
570,Cornie,Vela,cvelaft@harvard.edu,Female,91,39,58,155,TRUE,Drama
571,Noach,Padwick,npadwickfu@state.gov,Male,43,4,34,81,FALSE,Comedy|Drama
572,Lonnie,Muckley,lmuckleyfv@clickbank.net,Male,15,48,23,86,FALSE,Drama
573,Lucias,Martlew,lmartlewfw@theguardian.com,Male,55,99,40,194,TRUE,Documentary
574,Conn,Culley,cculleyfx@loc.gov,Male,68,1,11,80,FALSE,Drama|Romance|Sci-Fi|Thriller
575,Vivyan,Jeckells,vjeckellsfy@princeton.edu,Female,38,13,88,139,TRUE,Comedy|Crime
576,Bette,McKue,bmckuefz@baidu.com,Female,33,45,56,134,TRUE,Drama
577,Lianne,Hadny,lhadnyg0@disqus.com,Female,17,69,87,173,TRUE,Action|Thriller
578,Sheffie,Dochon,sdochong1@phpbb.com,Male,100,24,98,222,TRUE,Sci-Fi
579,Felicdad,Royds,froydsg2@stumbleupon.com,Female,70,32,10,112,TRUE,Horror|Mystery|Thriller
580,Ollie,Polino,opolinog3@amazon.com,Male,62,32,NaN,94,FALSE,Drama
581,Bree,Essam,bessamg4@google.com.au,Female,16,70,24,110,TRUE,Drama
582,Kevan,Hoyt,khoytg5@amazon.de,Male,37,86,43,166,TRUE,Comedy|Fantasy
583,Jan,Deacon,jdeacong6@unc.edu,Female,67,7,66,140,TRUE,Comedy|Drama|Romance
584,Kaleb,Duberry,kduberryg7@about.com,Male,30,24,100,154,TRUE,Adventure|Fantasy
585,Gothart,Crotch,gcrotchg8@ca.gov,Male,71,53,96,220,TRUE,Comedy|Documentary
586,Tarah,Deverill,tdeverillg9@nps.gov,Female,73,60,70,203,TRUE,Drama|Romance
587,Bea,Benkin,bbenkinga@eepurl.com,Female,60,56,85,201,TRUE,Crime|Drama|Film-Noir
588,Loraine,McFall,lmcfallgb@cpanel.net,Female,86,98,79,263,TRUE,Crime|Drama
589,Cindy,Tolotti,ctolottigc@timesonline.co.uk,Female,50,42,17,109,TRUE,Action|Crime|Drama|Romance
590,Emile,Carus,ecarusgd@ucoz.ru,Male,10,55,39,104,FALSE,Drama|Musical|Romance
591,Ianthe,Bottelstone,ibottelstonege@bigcartel.com,Female,47,13,59,119,TRUE,Comedy
592,Arel,Gorick,agorickgf@github.com,Male,7,90,25,122,TRUE,Drama|War
593,Homer,Savage,hsavagegg@vistaprint.com,Male,11,45,94,150,TRUE,Drama|War
594,Desmund,Ricket,dricketgh@webmd.com,Male,71,51,92,214,TRUE,Animation|Comedy|Fantasy|Musical|Romance
595,Renell,Motion,rmotiongi@imdb.com,Female,38,36,91,165,TRUE,Action|Crime|Thriller
596,Marsiella,Voden,mvodengj@bizjournals.com,Female,67,76,67,210,TRUE,Horror|Thriller
597,Zechariah,Manilove,zmanilovegk@icio.us,Male,44,74,28,146,TRUE,Drama|Sci-Fi|War
598,Griffith,Matasov,gmatasovgl@angelfire.com,Male,23,15,39,77,FALSE,Comedy
599,Betta,Paulazzi,bpaulazzigm@linkedin.com,Female,98,40,15,153,TRUE,Horror
600,Egor,Decker,edeckergn@ucoz.com,Male,73,62,NaN,213,FALSE,Action|Adventure|Drama|Romance
601,Jonathon,Lockery,jlockerygo@irs.gov,Male,19,50,76,145,TRUE,Action|Adventure|Comedy
602,Hilton,FitzGeorge,hfitzgeorgegp@shinystat.com,Male,21,82,59,162,TRUE,Comedy
603,Wyn,Fake,wfakegq@smh.com.au,Male,46,33,87,166,TRUE,Crime|Horror|Sci-Fi
604,Khalil,Carvill,kcarvillgr@so-net.ne.jp,Male,79,42,21,142,TRUE,Drama|Romance
605,Cristobal,Huge,chugegs@instagram.com,Male,85,11,45,141,TRUE,Drama
606,Wain,Goodredge,wgoodredgegt@sogou.com,Male,85,6,30,121,TRUE,Drama
607,Barron,Milesop,bmilesopgu@businesswire.com,Male,13,14,83,110,TRUE,Comedy|Crime
608,Yolanda,Rigg,yrigggv@spotify.com,Female,10,90,29,129,TRUE,Adventure|Comedy|Fantasy
609,Hewie,Fishley,hfishleygw@furl.net,Male,24,91,48,163,TRUE,Comedy|Drama
610,Rogerio,Gonoude,rgonoudegx@patch.com,Male,85,32,37,154,TRUE,Documentary|War
611,Roman,St. Paul,rstpaulgy@phoca.cz,Male,58,30,100,188,TRUE,Adventure|Animation|Children|Comedy|Fantasy|Romance
612,Hall,Bartosiak,hbartosiakgz@ucoz.ru,Male,64,96,12,172,TRUE,Comedy|Drama
613,Roger,Darey,rdareyh0@desdev.cn,Male,5,78,88,171,TRUE,Action|Crime
614,Nickie,Vickress,nvickressh1@simplemachines.org,Male,47,45,7,99,FALSE,Comedy
615,Linus,Gallo,lgalloh2@flavors.me,Male,33,45,91,169,TRUE,Documentary
616,Ruthie,Dilleston,rdillestonh3@hatena.ne.jp,Female,30,56,41,127,TRUE,Documentary
617,Clem,Seden,csedenh4@google.nl,Female,23,78,31,132,TRUE,Action|Crime|Drama
618,Neila,Sallan,nsallanh5@businesswire.com,Female,64,52,86,202,TRUE,Comedy|Drama
619,Madel,Edmundson,medmundsonh6@usnews.com,Female,92,97,29,218,TRUE,Comedy|Drama|Romance
620,Carla,Kunath,ckunathh7@cdc.gov,Female,70,51,NaN,121,TRUE,Drama|War
621,Jeromy,O'Fallowne,jofallowneh8@mozilla.com,Male,13,43,65,121,TRUE,Comedy|Drama|Romance
622,Ardys,Szymon,aszymonh9@phoca.cz,Female,18,19,47,84,FALSE,Drama|Thriller
623,Griffie,Chaman,gchamanha@facebook.com,Male,39,20,60,119,TRUE,Action|Drama
624,Alika,Chinnock,achinnockhb@altervista.org,Female,1,63,57,121,TRUE,Comedy|Drama
625,Corella,D'Cruze,cdcruzehc@furl.net,Female,61,21,22,104,FALSE,Comedy|Crime
626,Tracey,Haward,thawardhd@businesswire.com,Female,6,48,96,150,TRUE,Comedy
627,Filia,Garrett,fgarretthe@purevolume.com,Female,89,81,97,267,TRUE,Comedy
628,Brandtr,Gerbel,bgerbelhf@hubpages.com,Male,24,9,72,105,TRUE,Documentary
629,Shalna,Triebner,striebnerhg@phpbb.com,Female,54,60,44,158,TRUE,Adventure|Drama|War
630,Rogers,Cartmill,rcartmillhh@google.com.au,Male,7,39,19,184,FALSE,Comedy
631,Charlot,Casement,ccasementhi@github.com,Female,18,88,77,183,TRUE,Crime|Thriller
632,Berty,Pratchett,bpratchetthj@mtv.com,Male,57,62,64,183,TRUE,Drama
633,Steffie,Egglestone,segglestonehk@arizona.edu,Female,65,20,56,141,TRUE,Horror
634,Frans,Crinion,fcrinionhl@weibo.com,Male,44,54,9,107,TRUE,Comedy|Crime|Mystery
635,Gualterio,Porteous,gporteoushm@blogger.com,Male,83,15,100,198,TRUE,Adventure|Drama
636,Binni,Smeall,bsmeallhn@theguardian.com,Female,26,38,72,136,TRUE,Documentary
637,Edgardo,O'Luney,eoluneyho@tumblr.com,Male,43,50,45,138,TRUE,Action|Drama|Horror|Thriller
638,Anselm,Stanman,astanmanhp@epa.gov,Male,91,41,23,155,TRUE,Comedy
639,Francine,Murdy,fmurdyhq@google.cn,Female,94,67,62,223,TRUE,Comedy|Drama
640,Nikaniki,Allston,nallstonhr@ifeng.com,Female,12,11,NaN,23,TRUE,Drama|Horror|Thriller
641,Bastien,Shelmardine,bshelmardinehs@prweb.com,Male,96,100,10,206,TRUE,Documentary
642,Robinett,McDougle,rmcdougleht@vistaprint.com,Female,8,67,47,122,TRUE,Comedy
643,Justino,Flieg,jflieghu@zdnet.com,Male,44,7,28,79,FALSE,Comedy|Horror|Romance
644,Zachariah,Smail,zsmailhv@unc.edu,Male,20,17,75,112,TRUE,Comedy|Drama|Romance
645,Sumner,Bargery,sbargeryhw@businessinsider.com,Male,46,42,60,148,TRUE,Comedy|Crime|Romance
646,Bruno,Zielinski,bzielinskihx@technorati.com,Male,83,80,87,250,TRUE,Drama
647,Franni,Klimke,fklimkehy@cloudflare.com,Female,6,84,26,116,TRUE,Documentary
648,Austina,Barday,abardayhz@uiuc.edu,Female,11,94,3,108,TRUE,Comedy
649,Kelbee,Glaister,kglaisteri0@aol.com,Male,73,56,40,169,TRUE,Comedy|Horror
650,Marsiella,Izkovicz,mizkoviczi1@vinaora.com,Female,54,9,64,127,TRUE,Comedy|Drama
651,Dorree,Eger,degeri2@woothemes.com,Female,84,55,34,173,TRUE,Documentary
652,Stefan,Baccas,sbaccasi3@alibaba.com,Male,75,61,26,162,TRUE,Action|Crime
653,Juanita,Patry,jpatryi4@devhub.com,Female,10,82,21,113,TRUE,Action|Fantasy|Horror
654,Felic,Huett,fhuetti5@blinklist.com,Male,73,97,80,250,TRUE,Action|Drama
655,Mimi,Tschierasche,mtschieraschei6@independent.co.uk,Female,81,33,11,125,TRUE,Drama
656,Kev,Okeshott,kokeshotti7@weibo.com,Male,89,75,37,201,TRUE,Drama
657,Iggie,Hitscher,ihitscheri8@mail.ru,Male,68,31,30,129,TRUE,Comedy|Drama
658,Hetty,Izzard,hizzardi9@umich.edu,Female,56,8,42,106,TRUE,Drama
659,Frazier,Grassin,fgrassinia@bing.com,Male,100,62,39,201,TRUE,Horror
660,Valerie,Aronoff,varonoffib@accuweather.com,Female,NaN,67,44,201,TRUE,Drama|Western
661,Janith,Catley,jcatleyic@newyorker.com,Female,98,82,11,191,TRUE,Comedy|Drama
662,Charlotte,Gissop,cgissopid@sun.com,Female,59,37,25,121,TRUE,Drama
663,Cortie,Corah,ccorahie@walmart.com,Male,35,62,69,166,TRUE,Horror
664,Will,Lambregts,wlambregtsif@xing.com,Male,23,48,72,143,TRUE,Adventure|Children
665,Stoddard,Slewcock,sslewcockig@wordpress.com,Female,69,28,61,158,TRUE,Drama
666,Merwyn,Eaton,meatonih@sina.com.cn,Male,69,5,68,142,TRUE,Documentary|Musical
667,Laina,Antrim,lantrimii@tinypic.com,Female,40,94,41,175,TRUE,Children|Comedy
668,Audrie,Oddey,aoddeyij@edublogs.org,Female,67,58,3,128,TRUE,Drama|Musical
669,Virgilio,McCarrell,vmccarrellik@scribd.com,Male,65,13,44,122,TRUE,Comedy|Drama
670,Kelby,Boggon,kboggonil@forbes.com,Male,86,80,55,221,TRUE,Comedy|Drama
671,Ami,Storm,astormim@wisc.edu,Female,10,89,75,174,TRUE,Comedy|Drama|Romance
672,Kanya,Bindin,kbindinin@cpanel.net,Female,7,90,25,122,TRUE,Comedy
673,Lola,Durtnal,ldurtnalio@icio.us,Female,68,54,19,141,TRUE,Drama
674,Chev,Stanyon,cstanyonip@t-online.de,Male,9,49,49,107,TRUE,Comedy
675,Rawley,Dufaur,rdufauriq@europa.eu,Male,14,3,28,45,FALSE,Adventure|Animation|Children
676,Herbert,McRobert,hmcrobertir@europa.eu,Male,16,20,24,60,FALSE,Documentary
677,Hyacinthie,Thelwll,hthelwllis@epa.gov,Female,17,53,73,143,TRUE,Comedy
678,Hewie,McVaugh,hmcvaughit@fc2.com,Male,60,52,79,191,TRUE,Crime|Drama|Thriller
679,Cleon,Bucklan,cbucklaniu@foxnews.com,Male,13,73,62,148,TRUE,Drama
680,Hastie,Blakeden,hblakedeniv@forbes.com,Male,NaN,9,16,25,TRUE,Comedy|Drama
681,Zonda,Boshere,zboshereiw@wikia.com,Female,92,43,25,160,TRUE,Drama|Fantasy
682,Mame,Offer,mofferix@friendfeed.com,Female,44,85,90,219,TRUE,Comedy|War
683,Theo,Jefferies,tjefferiesiy@tamu.edu,Female,52,49,9,110,TRUE,NaN
684,Candie,Halm,chalmiz@cyberchimps.com,Female,42,4,32,78,FALSE,Comedy
685,Ossie,Fancutt,ofancuttj0@freewebs.com,Male,19,97,86,202,TRUE,Horror|Mystery
686,Fabiano,Ebben,febbenj1@smh.com.au,Male,81,72,29,182,TRUE,Comedy
687,Kimbra,McCloughen,kmccloughenj2@walmart.com,Female,85,85,69,239,TRUE,Comedy|Crime|Thriller
688,Yanaton,Vaud,yvaudj3@ycombinator.com,Male,62,88,54,204,TRUE,Action|Adventure|Fantasy|Romance|Sci-Fi
689,Ame,Chenery,acheneryj4@purevolume.com,Female,75,92,30,197,TRUE,Documentary
690,Jobina,Parvin,jparvinj5@rediff.com,Female,80,5,65,272,TRUE,Drama
691,Ward,Rosenhaus,wrosenhausj6@vinaora.com,Male,90,32,15,137,TRUE,Drama
692,Saudra,O'Neill,soneillj7@barnesandnoble.com,Female,22,30,96,148,TRUE,Comedy|Romance
693,Berni,Bolens,bbolensj8@51.la,Female,89,54,41,184,TRUE,Drama
694,Dom,Soaper,dsoaperj9@webnode.com,Male,45,47,89,181,TRUE,Crime|Mystery
695,Kayle,Crann,kcrannja@netvibes.com,Female,84,24,78,186,TRUE,Documentary
696,Rutherford,Bartolomeo,rbartolomeojb@clickbank.net,Male,64,92,98,254,TRUE,Action|Comedy|Crime
697,Ray,Finlry,rfinlryjc@nature.com,Female,65,9,54,128,TRUE,Drama
698,Aristotle,Banting,abantingjd@sbwire.com,Male,43,9,47,99,FALSE,Action|Adventure|Sci-Fi
699,Faun,Gillbee,fgillbeeje@fema.gov,Female,46,6,86,138,TRUE,Comedy|Drama|Romance
700,Benji,Gillopp,bgilloppjf@newsvine.com,Male,NaN,46,29,75,FALSE,Documentary
701,Gerrie,Pennycook,gpennycookjg@forbes.com,Male,43,69,81,193,TRUE,Drama
702,Gasparo,Ferruzzi,gferruzzijh@washingtonpost.com,Male,66,73,76,215,TRUE,Drama|Thriller
703,Parker,Conkie,pconkieji@wunderground.com,Male,88,6,47,141,TRUE,Drama
704,Emanuel,Seakes,eseakesjj@exblog.jp,Male,70,25,75,170,TRUE,Documentary
705,Linnell,Galletly,lgalletlyjk@nsw.gov.au,Female,17,66,95,178,TRUE,Drama
706,Milt,Di Claudio,mdiclaudiojl@baidu.com,Male,38,16,79,133,TRUE,Crime|Western
707,Rhoda,Leipold,rleipoldjm@weebly.com,Female,91,24,79,194,TRUE,Action|Drama
708,Mill,Ridolfi,mridolfijn@tiny.cc,Male,85,18,74,177,TRUE,Sci-Fi
709,Sylvan,Raddin,sraddinjo@joomla.org,Male,42,80,1,123,TRUE,Comedy
710,Lenna,Collinwood,lcollinwoodjp@nasa.gov,Female,7,37,56,100,FALSE,Drama
711,Christa,Brunroth,cbrunrothjq@squidoo.com,Female,51,77,65,193,TRUE,Comedy|Crime|Drama|Thriller
712,Brady,Broom,bbroomjr@paginegialle.it,Male,88,64,38,190,TRUE,Action|Adventure|Animation
713,Oliviero,Charles,ocharlesjs@privacy.gov.au,Male,80,82,17,179,TRUE,Comedy|Romance
714,Papageno,Leverington,pleveringtonjt@newyorker.com,Male,42,9,24,75,FALSE,Drama|Musical|Romance
715,Garvey,Fairlamb,gfairlambju@admin.ch,Male,60,30,31,121,TRUE,Comedy|Crime|Drama
716,Jesse,Brachell,jbrachelljv@phpbb.com,Male,98,58,22,178,TRUE,Drama
717,Bibbie,Girkin,bgirkinjw@umich.edu,Female,17,41,21,79,FALSE,Documentary
718,Ermengarde,Blaise,eblaisejx@state.gov,Female,8,95,40,143,TRUE,Children|Comedy|Romance
719,Conchita,Freeborn,cfreebornjy@devhub.com,Female,68,34,1,103,FALSE,Film-Noir|Thriller|War
720,Griswold,Woolfall,gwoolfalljz@sakura.ne.jp,Male,NaN,85,51,277,FALSE,Drama|War
721,Shane,Fiddian,sfiddiank0@gizmodo.com,Female,31,39,25,95,FALSE,Documentary
722,Brynn,Kynton,bkyntonk1@tamu.edu,Female,58,18,35,111,TRUE,Drama|Mystery|Romance
723,Wolf,Wyldbore,wwyldborek2@usgs.gov,Male,65,87,14,166,TRUE,Horror|Sci-Fi
724,Grange,Dodsworth,gdodsworthk3@walmart.com,Male,13,16,25,54,FALSE,Documentary
725,Ag,Barensky,abarenskyk4@apple.com,Female,53,36,89,178,TRUE,Comedy
726,Gannie,Tesimon,gtesimonk5@php.net,Male,73,17,76,166,TRUE,Adventure|Animation|Children|Fantasy|Musical
727,Rana,Pinnock,rpinnockk6@narod.ru,Female,65,33,5,103,FALSE,Drama
728,Evelina,Chelsom,echelsomk7@woothemes.com,Female,84,59,83,226,TRUE,Drama|Thriller
729,Jacqui,Brocket,jbrocketk8@netlog.com,Female,29,92,39,160,TRUE,Adventure|Children|Drama
730,Winnah,McDermott,wmcdermottk9@artisteer.com,Female,56,87,4,147,TRUE,Comedy
731,Willi,Jekyll,wjekyllka@latimes.com,Female,87,98,70,255,TRUE,Comedy
732,Julissa,Latham,jlathamkb@cargocollective.com,Female,47,49,35,131,TRUE,Adventure|Animation|Drama|Romance|War
733,Dorolice,Hartwell,dhartwellkc@360.cn,Female,94,89,95,278,TRUE,Drama
734,Pippy,Tugwell,ptugwellkd@opensource.org,Female,18,58,37,113,TRUE,Adventure|Children|Drama
735,Sandy,Trembath,strembathke@home.pl,Male,31,95,32,158,TRUE,Adventure|Animation|Comedy
736,Orelee,McQuirter,omcquirterkf@hexun.com,Female,78,54,15,147,TRUE,Drama|Horror|Sci-Fi
737,Joya,Rosbottom,jrosbottomkg@indiegogo.com,Female,30,79,36,145,TRUE,Comedy|Drama
738,Emlynn,Thouless,ethoulesskh@comsenz.com,Female,42,39,1,82,FALSE,Comedy|Musical
739,Karoly,Mendez,kmendezki@buzzfeed.com,Male,37,35,8,80,FALSE,Comedy
740,Barris,Rookwell,brookwellkj@jalbum.net,Male,83,7,NaN,90,FALSE,Drama
741,Alisha,De la Harpe,adelaharpekk@wordpress.org,Female,61,74,73,208,TRUE,Drama|Horror
742,Myra,Crewe,mcrewekl@miibeian.gov.cn,Female,4,37,15,56,FALSE,Adventure
743,Tomasine,Playden,tplaydenkm@si.edu,Female,42,44,51,137,TRUE,Action|Comedy|Crime|Thriller
744,Giraud,Nerney,gnerneykn@army.mil,Male,15,84,74,173,TRUE,Drama
745,Pet,Fantham,pfanthamko@prnewswire.com,Female,98,57,76,231,TRUE,Comedy|Drama
746,Flint,Kardos,fkardoskp@pinterest.com,Male,28,80,70,178,TRUE,Documentary
747,Chet,Cragoe,ccragoekq@virginia.edu,Male,11,78,47,136,TRUE,Drama
748,Laney,Dunnion,ldunnionkr@economist.com,Female,9,17,51,77,FALSE,Drama|Western
749,Baird,Rockcliffe,brockcliffeks@princeton.edu,Male,52,86,63,201,TRUE,Drama
750,Loria,Kennett,lkennettkt@vinaora.com,Female,28,49,89,194,TRUE,Drama
751,Chaddy,Leah,cleahku@networksolutions.com,Male,32,98,44,174,TRUE,Drama
752,Domenico,Hamsson,dhamssonkv@linkedin.com,Male,43,50,41,134,TRUE,Drama|Romance
753,Janey,Jansa,jjansakw@drupal.org,Female,87,71,34,192,TRUE,Drama|Thriller
754,Margaretta,Glass,mglasskx@cam.ac.uk,Female,65,54,58,177,TRUE,Drama
755,Benn,Lippo,blippoky@gmpg.org,Male,75,22,69,166,TRUE,Comedy
756,Mercie,Haylor,mhaylorkz@so-net.ne.jp,Female,8,13,59,80,FALSE,Adventure|Drama
757,Fredia,Danshin,fdanshinl0@bluehost.com,Female,56,92,53,201,TRUE,Western
758,Devonna,Mousdall,dmousdalll1@so-net.ne.jp,Female,77,9,73,159,TRUE,Comedy
759,Thain,Portman,tportmanl2@lulu.com,Male,93,26,42,161,TRUE,Action|Comedy|Horror
760,Kort,Penkman,kpenkmanl3@illinois.edu,Male,NaN,44,34,78,TRUE,Comedy
761,Walton,Fifoot,wfifootl4@salon.com,Male,21,94,1,116,TRUE,Comedy|Drama
762,Daria,Belasco,dbelascol5@npr.org,Female,55,98,74,227,TRUE,Mystery
763,Cathryn,Lenglet,clengletl6@parallels.com,Female,20,39,56,115,TRUE,Horror|Mystery
764,Michel,Arnaldi,marnaldil7@usnews.com,Male,52,80,4,136,TRUE,Documentary
765,Val,Cosser,vcosserl8@sogou.com,Female,21,26,68,115,TRUE,Drama|Romance
766,Courtney,Closs,cclossl9@ameblo.jp,Female,46,12,26,84,FALSE,Drama
767,Forrester,Aldwick,faldwickla@mysql.com,Male,18,3,32,53,FALSE,Drama
768,Stevie,Klemencic,sklemenciclb@cafepress.com,Male,97,83,2,182,TRUE,Comedy|Romance
769,Galvan,Martinek,gmartineklc@nature.com,Male,40,55,18,113,TRUE,Comedy|Sci-Fi
770,Mohandas,Siley,msileyld@zimbio.com,Male,17,43,26,86,FALSE,Action|Adventure|Fantasy|Sci-Fi
771,Reynard,Cockrill,rcockrillle@google.com.hk,Male,50,60,43,153,TRUE,Action|Thriller
772,Ilsa,Van de Velde,ivandeveldelf@ft.com,Female,98,14,24,136,TRUE,Drama
773,Lonnard,Farrey,lfarreylg@tinyurl.com,Male,5,26,52,83,FALSE,Drama|Romance
774,Cassie,Tremble,ctremblelh@domainmarket.com,Male,70,87,12,169,TRUE,Drama
775,Gayler,Arents,garentsli@wiley.com,Male,42,66,27,135,TRUE,Drama
776,Kevan,Hackly,khacklylj@phoca.cz,Male,70,1,63,134,TRUE,Drama
777,Anstice,Callar,acallarlk@yolasite.com,Female,74,19,97,190,TRUE,Comedy|Crime
778,Ross,McGray,rmcgrayll@bloomberg.com,Male,36,15,99,150,TRUE,Comedy|Western
779,Fran,Birdall,fbirdalllm@cbsnews.com,Male,23,70,13,106,TRUE,Comedy
780,Elston,O'Corrigane,eocorriganeln@samsung.com,Male,80,NaN,44,182,TRUE,Drama
781,Bax,Kordas,bkordaslo@google.cn,Male,15,21,14,50,FALSE,Comedy
782,Jehu,McBay,jmcbaylp@opensource.org,Male,55,36,30,121,TRUE,Action|Adventure|Sci-Fi
783,Petra,Sothcott,psothcottlq@webeden.co.uk,Female,48,38,88,174,TRUE,Drama|Romance
784,Rhea,Esson,ressonlr@home.pl,Female,93,8,13,114,TRUE,Crime|Drama|Mystery
785,Keelia,Svanini,ksvaninils@chron.com,Female,28,83,15,126,TRUE,Adventure|Drama
786,Desi,Garley,dgarleylt@chicagotribune.com,Male,75,3,58,136,TRUE,Drama|Musical|Romance
787,Brander,Matas,bmataslu@yahoo.com,Male,93,33,82,208,TRUE,Drama
788,Vladamir,Whittick,vwhitticklv@jiathis.com,Male,83,9,27,119,TRUE,Drama|Romance
789,Brendon,Anton,bantonlw@scribd.com,Male,17,96,3,116,TRUE,Action|Adventure
790,Laurens,Arnopp,larnopplx@google.com.hk,Male,32,57,50,139,TRUE,Drama
791,Remington,McNay,rmcnayly@instagram.com,Male,32,27,45,104,FALSE,Drama|Mystery|Thriller
792,Delly,Hearle,dhearlelz@elegantthemes.com,Female,76,86,34,196,TRUE,Documentary
793,Monique,Leet,mleetm0@utexas.edu,Female,56,26,30,112,TRUE,Western
794,Sandie,Olufsen,solufsenm1@businessweek.com,Female,31,5,87,123,TRUE,Animation
795,Tova,Houchen,thouchenm2@europa.eu,Female,64,93,55,212,TRUE,Adventure|Romance
796,Alvan,Morcomb,amorcombm3@vimeo.com,Male,72,64,91,227,TRUE,NaN
797,Allie,Ginger,agingerm4@ucla.edu,Male,100,76,12,188,TRUE,Drama
798,Tonnie,Sheirlaw,tsheirlawm5@behance.net,Male,63,82,72,217,TRUE,Drama
799,Anderea,Trounce,atrouncem6@wix.com,Female,30,87,45,162,TRUE,NaN
800,Carol-jean,Gunning,cgunningm7@mozilla.org,Female,89,NaN,89,178,FALSE,Comedy|Western
801,Ashbey,Cham,achamm8@state.tx.us,Male,94,31,35,160,TRUE,Action|Crime|Drama|Film-Noir|Thriller
802,Artemas,Runacres,arunacresm9@tinypic.com,Male,99,42,67,208,TRUE,Comedy|Drama
803,Verene,Drysdale,vdrysdalema@quantcast.com,Female,10,68,9,87,FALSE,Drama
804,Wesley,Portis,wportismb@huffingtonpost.com,Male,40,43,65,148,TRUE,Comedy|Drama|War
805,Bond,Roxburch,broxburchmc@deviantart.com,Male,13,58,26,97,FALSE,Drama|Romance
806,Consuela,Nansom,cnansommd@europa.eu,Female,49,13,42,104,FALSE,Comedy|Drama
807,Jyoti,Jewkes,jjewkesme@nationalgeographic.com,Female,93,36,95,224,TRUE,Children|Comedy
808,Francisco,Diviney,fdivineymf@1688.com,Male,85,29,18,132,TRUE,Comedy|Drama|Fantasy|Mystery|Sci-Fi|Thriller
809,Georgina,Bramford,gbramfordmg@prweb.com,Female,98,13,55,166,TRUE,Comedy|Drama
810,Leonerd,Sarver,lsarvermh@weather.com,Male,96,16,82,133,TRUE,Action|Drama
811,Sherri,Attlee,sattleemi@yolasite.com,Female,27,40,15,82,FALSE,Documentary
812,Currey,Craigmyle,ccraigmylemj@washington.edu,Male,29,10,25,64,FALSE,Drama
813,Rivalee,Wollaston,rwollastonmk@blogspot.com,Female,38,85,97,220,TRUE,Drama|War
814,Herc,Shillum,hshillumml@indiegogo.com,Male,47,34,76,157,TRUE,Action|Drama|War
815,Haven,Sargerson,hsargersonmm@springer.com,Male,57,33,77,167,TRUE,Comedy|Drama
816,Jack,Elwin,jelwinmn@wunderground.com,Male,45,93,98,236,TRUE,Drama
817,Ludovika,Lethbridge,llethbridgemo@purevolume.com,Female,3,70,11,84,FALSE,Drama
818,Leyla,Chamney,lchamneymp@illinois.edu,Female,19,72,19,110,TRUE,Adventure|Comedy
819,Doll,Alan,dalanmq@storify.com,Female,78,78,33,189,TRUE,Comedy
820,Enrique,Ellar,eellarmr@virginia.edu,Male,58,NaN,39,97,FALSE,Adventure|Comedy|Drama
821,Bamby,Le Barr,blebarrms@nasa.gov,Female,99,45,19,163,TRUE,Drama|Mystery
822,Edy,Mixworthy,emixworthymt@smugmug.com,Female,69,37,80,186,TRUE,Adventure|Animation|Comedy
823,Hardy,Esplin,hesplinmu@ox.ac.uk,Male,3,63,14,80,FALSE,Documentary
824,Gerianna,Tomaszek,gtomaszekmv@usgs.gov,Female,9,1,10,20,FALSE,Documentary
825,Read,Itzkin,ritzkinmw@artisteer.com,Male,13,78,47,138,TRUE,Documentary
826,Beltran,Schaffel,bschaffelmx@amazonaws.com,Male,96,4,79,179,TRUE,Action|Comedy
827,Eberto,MacAvaddy,emacavaddymy@pbs.org,Male,59,27,81,167,TRUE,Documentary
828,Jessamyn,Cruickshank,jcruickshankmz@youtube.com,Female,100,38,80,218,TRUE,Action|Drama|Thriller
829,Sadella,Kolyagin,skolyaginn0@mysql.com,Female,42,87,37,166,TRUE,Comedy
830,Cori,Callingham,ccallinghamn1@time.com,Male,76,38,93,207,TRUE,Adventure|Comedy|Drama
831,Ripley,Osmon,rosmonn2@loc.gov,Male,9,8,65,82,FALSE,Drama
832,Dorice,Migheli,dmighelin3@gov.uk,Female,57,23,26,106,TRUE,Drama
833,Mycah,Paull,mpaulln4@google.nl,Male,96,48,77,221,TRUE,Comedy|Fantasy
834,Irma,Shulver,ishulvern5@google.es,Female,67,54,79,200,TRUE,Drama|Horror|Sci-Fi
835,Brear,Hayland,bhaylandn6@wisc.edu,Female,59,10,63,132,TRUE,Action|Drama
836,Ibrahim,Kyd,ikydn7@adobe.com,Male,11,32,12,55,FALSE,Comedy
837,Gerry,Dymock,gdymockn8@mac.com,Male,70,41,45,156,TRUE,Action|Comedy|Crime|Thriller
838,Sofia,Pocock,spocockn9@de.vu,Female,97,89,53,239,TRUE,Comedy|Drama|Musical|Romance
839,Oby,Smowton,osmowtonna@sina.com.cn,Male,74,90,41,205,TRUE,Comedy|Drama
840,Charleen,Sturridge,csturridgenb@blog.com,Female,NaN,42,25,193,TRUE,Action|Drama|Thriller
841,Brinn,Cohalan,bcohalannc@shutterfly.com,Female,37,81,76,194,TRUE,Crime|Thriller
842,Basilius,Uff,buffnd@hostgator.com,Male,4,70,48,122,TRUE,Mystery|Thriller
843,Blondelle,Sprigging,bspriggingne@accuweather.com,Female,38,79,56,173,TRUE,Documentary
844,Deny,Liddle,dliddlenf@godaddy.com,Female,91,86,26,203,TRUE,Animation
845,Gareth,Grigsby,ggrigsbyng@wiley.com,Male,50,80,46,176,TRUE,Romance|Thriller
846,Van,Whal,vwhalnh@guardian.co.uk,Female,65,62,24,151,TRUE,Action|Thriller
847,Bryant,Bernardotti,bbernardottini@wordpress.com,Male,52,52,3,107,TRUE,Children|Comedy|Drama
848,Candis,Barz,cbarznj@paypal.com,Female,46,80,33,159,TRUE,Drama|Mystery|Sci-Fi|Thriller
849,Deeann,Forsbey,dforsbeynk@mapy.cz,Female,84,24,63,171,TRUE,Drama
850,Vasily,Cheese,vcheesenl@squidoo.com,Male,20,3,80,103,FALSE,Documentary
851,Olav,Belchambers,obelchambersnm@google.pl,Male,99,100,95,294,TRUE,Comedy|Romance
852,Keir,Beton,kbetonnn@cornell.edu,Male,80,36,79,195,TRUE,Musical
853,Giulietta,O'Mohun,gomohunno@1und1.de,Female,20,63,94,177,TRUE,Horror|IMAX
854,Elna,Casoni,ecasoninp@google.es,Female,31,40,42,113,TRUE,Thriller
855,Merrie,Buckmaster,mbuckmasternq@angelfire.com,Female,10,49,56,115,TRUE,NaN
856,Sergent,Sandbach,ssandbachnr@mapy.cz,Male,15,8,47,70,FALSE,Adventure|Comedy|Fantasy|Horror
857,Erwin,Hedden,eheddenns@tinypic.com,Male,8,17,24,49,FALSE,Comedy
858,Robinette,Soan,rsoannt@apple.com,Female,45,33,50,128,TRUE,Horror|Thriller
859,Kristos,Barnwill,kbarnwillnu@constantcontact.com,Male,25,17,39,81,FALSE,Drama|Romance
860,Jaimie,Comsty,jcomstynv@webeden.co.uk,Male,NaN,85,42,127,TRUE,Comedy|Drama|Fantasy|Romance
861,Obadias,Howorth,ohoworthnw@nydailynews.com,Male,17,79,20,116,TRUE,Drama|Romance
862,Marlyn,Scales,mscalesnx@oracle.com,Female,51,97,22,170,TRUE,Action|Adventure
863,Karrah,Grenville,kgrenvilleny@over-blog.com,Female,71,58,18,147,TRUE,Comedy
864,Charlot,Sillis,csillisnz@51.la,Female,78,95,31,204,TRUE,Comedy|Drama|Romance
865,Hubie,Punch,hpuncho0@deviantart.com,Male,92,75,33,200,TRUE,Comedy|Musical|Romance
866,Melicent,Eveleigh,meveleigho1@stumbleupon.com,Female,83,43,70,196,TRUE,Documentary
867,Jervis,Klossek,jklosseko2@marriott.com,Male,82,21,33,136,TRUE,Drama
868,Miof mela,Dunnico,mdunnicoo3@parallels.com,Female,86,53,16,155,TRUE,Comedy|Drama|Romance
869,Hastings,Wines,hwineso4@deviantart.com,Male,1,80,27,108,TRUE,Horror
870,Curt,Cowell,ccowello5@whitehouse.gov,Male,19,41,17,247,FALSE,Drama|Romance
871,Hoebart,Choffin,hchoffino6@nih.gov,Male,97,100,12,209,TRUE,Comedy
872,Donall,Jurn,djurno7@unicef.org,Male,76,83,14,173,TRUE,Adventure|Comedy
873,Alana,Kytter,akyttero8@histats.com,Female,21,77,23,121,TRUE,Comedy
874,Damaris,Ash,dasho9@businessinsider.com,Female,65,2,47,114,TRUE,Documentary|War
875,Nilson,Dimitresco,ndimitrescooa@wikipedia.org,Male,89,85,23,197,TRUE,Comedy|Horror
876,Cornelius,Kitney,ckitneyob@geocities.com,Male,14,86,22,122,TRUE,Crime|Drama
877,Mufinella,Coddrington,mcoddringtonoc@google.ru,Female,85,17,23,125,TRUE,Comedy|Drama
878,Maisie,Topp,mtoppod@tinypic.com,Female,12,20,30,62,FALSE,Horror
879,Bebe,Behr,bbehroe@apache.org,Female,30,96,10,136,TRUE,Musical
880,Allayne,Zarb,azarbof@dell.com,Male,NaN,23,81,104,TRUE,Documentary|War
881,Gran,Mallalieu,gmallalieuog@digg.com,Male,22,7,91,120,TRUE,Sci-Fi
882,Vita,Lancetter,vlancetteroh@globo.com,Female,5,83,3,91,FALSE,Drama|Thriller
883,Lay,Chidwick,lchidwickoi@taobao.com,Male,81,57,6,144,TRUE,Drama
884,Fanni,Savege,fsavegeoj@java.com,Female,50,60,63,173,TRUE,Drama|Romance
885,Mariana,Lohoar,mlohoarok@spotify.com,Female,83,8,69,160,TRUE,Documentary
886,Keane,Shalders,kshaldersol@mediafire.com,Male,35,67,60,162,TRUE,Thriller|War
887,Antonius,Absalom,aabsalomom@businessinsider.com,Male,37,8,89,134,TRUE,Comedy|Crime
888,Chelsea,Bratchell,cbratchellon@twitter.com,Female,59,51,18,128,TRUE,Action|Comedy|Drama|Horror|Romance
889,Rad,Yorston,ryorstonoo@baidu.com,Male,55,6,91,152,TRUE,Drama
890,Lek,Quinnet,lquinnetop@mit.edu,Male,79,32,32,143,TRUE,Animation|Children|Comedy
891,Chen,Tidbury,ctidburyoq@biblegateway.com,Male,35,31,42,108,TRUE,Comedy
892,Penn,Sowrey,psowreyor@etsy.com,Male,97,61,74,232,TRUE,Children|Comedy
893,Jeni,Andrysek,jandrysekos@oaic.gov.au,Female,1,78,63,142,TRUE,Adventure|Western
894,Oralle,Hauger,ohaugerot@army.mil,Female,52,90,72,214,TRUE,Comedy
895,Teriann,Armor,tarmorou@shutterfly.com,Female,97,66,54,217,TRUE,Action|Romance|Sci-Fi|Thriller
896,Fenelia,Doorbar,fdoorbarov@nature.com,Female,39,45,56,140,TRUE,Drama|War
897,Filia,Pyson,fpysonow@java.com,Female,29,9,50,88,FALSE,Comedy|Horror
898,Claudia,Fortesquieu,cfortesquieuox@netlog.com,Female,63,58,94,215,TRUE,Drama|Romance
899,Elga,Tysack,etysackoy@shutterfly.com,Female,47,37,90,174,TRUE,Drama
900,Derril,Lobbe,dlobbeoz@nbcnews.com,Male,NaN,54,25,234,FALSE,Comedy|Horror|Sci-Fi
901,Jacobo,Swaile,jswailep0@dropbox.com,Male,47,69,65,181,TRUE,Horror|Sci-Fi
902,Gigi,Hatfull,ghatfullp1@boston.com,Female,5,65,3,73,FALSE,Comedy|Romance
903,Cory,Hamper,champerp2@xinhuanet.com,Male,45,99,65,209,TRUE,Drama
904,Giovanna,Duncklee,gdunckleep3@webmd.com,Female,76,48,51,175,TRUE,Comedy|Drama|Musical
905,Hobey,Lowery,hloweryp4@smh.com.au,Male,30,1,56,87,FALSE,Documentary
906,Linnie,De Vuyst,ldevuystp5@a8.net,Female,31,13,72,116,TRUE,(no genres listed)
907,Roma,Aymerich,raymerichp6@symantec.com,Male,58,2,96,156,TRUE,Crime|Drama
908,Cazzie,Lydall,clydallp7@mayoclinic.com,Male,9,39,12,60,FALSE,Comedy
909,Florette,Grabham,fgrabhamp8@ibm.com,Female,96,25,57,178,TRUE,Action|Adventure|Animation|Comedy|Sci-Fi
910,Angelina,Playhill,aplayhillp9@mac.com,Female,63,38,2,103,FALSE,Crime|Drama|Mystery
911,Base,Klimczak,bklimczakpa@rambler.ru,Male,57,7,49,113,TRUE,Action|Mystery|Thriller
912,Clovis,Lampl,clamplpb@wikia.com,Female,48,2,19,69,FALSE,Crime|Drama
913,Orella,Inkles,oinklespc@blogger.com,Female,49,83,32,164,TRUE,Comedy|Sci-Fi
914,Langsdon,Mammatt,lmammattpd@mapquest.com,Male,49,29,87,165,TRUE,Drama
915,Averill,Thairs,athairspe@shinystat.com,Male,57,60,34,151,TRUE,Comedy|Crime|Drama|Romance
916,Huberto,Vinten,hvintenpf@nps.gov,Male,9,2,52,63,FALSE,Comedy
917,Elonore,Wheal,ewhealpg@bizjournals.com,Female,63,71,32,166,TRUE,Action|Comedy
918,Lowe,Hassent,lhassentph@examiner.com,Male,22,20,65,107,TRUE,Drama
919,Mignonne,Tailby,mtailbypi@reference.com,Female,65,15,46,126,TRUE,Documentary
920,Zelda,Karlolczak,zkarlolczakpj@weebly.com,Female,52,30,NaN,82,TRUE,Comedy|Drama
921,Muire,Klossmann,mklossmannpk@webmd.com,Female,63,43,55,161,TRUE,Drama|Mystery|Thriller
922,Finlay,Bambridge,fbambridgepl@gizmodo.com,Male,59,77,55,191,TRUE,Romance
923,Roxi,Banham,rbanhampm@myspace.com,Female,85,96,61,242,TRUE,Drama
924,Marielle,Eykelbosch,meykelboschpn@google.it,Female,19,84,25,128,TRUE,Comedy|Romance
925,Silvan,Risman,srismanpo@biblegateway.com,Male,47,80,42,169,TRUE,Comedy|Romance
926,Leon,Toulamain,ltoulamainpp@myspace.com,Male,25,89,82,196,TRUE,Comedy|Romance
927,Brandea,Cattermole,bcattermolepq@engadget.com,Female,44,31,4,79,FALSE,Drama
928,Emily,Oxtarby,eoxtarbypr@psu.edu,Female,58,45,93,196,TRUE,Comedy|Drama|Musical
929,Bil,Ortler,bortlerps@over-blog.com,Male,66,40,69,175,TRUE,Drama
930,Nonah,Toseland,ntoselandpt@rediff.com,Female,33,45,91,65,TRUE,Horror|Mystery
931,Miguel,Cowell,mcowellpu@yellowbook.com,Male,75,44,91,210,TRUE,Documentary
932,Sigismund,O'Geneay,sogeneaypv@pbs.org,Male,52,36,82,170,TRUE,Drama|Romance
933,Farley,Divers,fdiverspw@eepurl.com,Male,3,87,21,111,TRUE,Comedy|Drama|Musical|Romance|War
934,Karole,McBayne,kmcbaynepx@unicef.org,Female,8,52,3,63,FALSE,Drama
935,Benedict,Taylor,btaylorpy@creativecommons.org,Male,5,75,98,178,TRUE,Drama|War
936,Townie,Hummerston,thummerstonpz@amazon.com,Male,81,92,78,251,TRUE,Drama|Thriller|War
937,Flint,Ambage,fambageq0@newyorker.com,Male,20,33,29,82,FALSE,Children|Comedy|Romance
938,Deeyn,Dewhurst,ddewhurstq1@columbia.edu,Female,71,70,92,233,TRUE,Documentary
939,Enid,Deniscke,edenisckeq2@google.nl,Female,37,58,91,186,TRUE,Drama
940,Culver,Held,cheldq3@earthlink.net,Male,NaN,27,73,100,FALSE,Comedy|Drama
941,Mabelle,Charity,mcharityq4@indiegogo.com,Female,13,34,31,78,FALSE,Action|Adventure|Drama|Thriller
942,Priscilla,Pilch,ppilchq5@vistaprint.com,Female,99,58,97,254,TRUE,Drama
943,Sylvan,Paulack,spaulackq6@spotify.com,Male,64,45,25,134,TRUE,Action|Crime|Romance|Thriller
944,Gideon,Fanton,gfantonq7@diigo.com,Male,38,66,87,191,TRUE,Drama
945,Vincenz,Thistleton,vthistletonq8@bloomberg.com,Male,59,51,81,191,TRUE,Children|Fantasy|Sci-Fi
946,Giulia,Wagg,gwaggq9@github.io,Female,98,19,15,132,TRUE,Drama
947,Edie,Galton,egaltonqa@mit.edu,Female,4,15,8,27,FALSE,Action|Crime|Drama|Thriller
948,Malcolm,Mardee,mmardeeqb@bbb.org,Male,11,3,97,111,TRUE,Documentary
949,Towney,Wayvill,twayvillqc@drupal.org,Male,73,90,70,233,TRUE,Comedy|Drama
950,Olenka,Cuffin,ocuffinqd@360.cn,Female,58,10,77,145,TRUE,Comedy|Romance
951,Reeta,Gergus,rgergusqe@sciencedaily.com,Female,30,58,6,94,FALSE,Comedy
952,Milicent,Dyball,mdyballqf@cloudflare.com,Female,31,36,69,136,TRUE,Action|Comedy
953,Asher,Cyson,acysonqg@istockphoto.com,Male,66,13,78,157,TRUE,Drama
954,Karie,Showell,kshowellqh@seesaa.net,Female,92,6,27,125,TRUE,Adventure|Animation|Children|Musical
955,Andras,Laverty,alavertyqi@weather.com,Male,63,35,100,198,TRUE,Action|Drama|Mystery|Thriller
956,Tore,Nesbit,tnesbitqj@wp.com,Male,48,5,13,66,FALSE,Drama|Romance
957,Jayme,Nevison,jnevisonqk@tripod.com,Male,27,35,42,104,FALSE,Comedy|Drama|Musical|Romance
958,Joni,Waterstone,jwaterstoneql@ocn.ne.jp,Female,94,21,81,196,TRUE,Comedy|Drama
959,Kendall,Waliszewski,kwaliszewskiqm@cdc.gov,Male,86,3,14,103,FALSE,Drama|Mystery|Romance
960,Lem,Korting,lkortingqn@cmu.edu,Male,42,NaN,24,197,TRUE,Comedy|Drama
961,Gherardo,Plail,gplailqo@eepurl.com,Male,1,70,58,129,TRUE,Crime|Mystery|Romance|Thriller
962,Dar,Heinish,dheinishqp@apple.com,Male,71,90,61,222,TRUE,Drama|War
963,Sophia,Brixey,sbrixeyqq@msu.edu,Female,88,39,83,210,TRUE,Documentary
964,Esmeralda,Button,ebuttonqr@uol.com.br,Female,71,41,82,194,TRUE,Comedy
965,Baxter,Wimbury,bwimburyqs@unesco.org,Male,14,47,54,115,TRUE,Horror|Thriller
966,Jennine,Dayce,jdayceqt@myspace.com,Female,2,36,62,100,FALSE,Comedy
967,Hastings,Lander,hlanderqu@storify.com,Male,11,3,51,65,FALSE,Drama
968,Izabel,Sudy,isudyqv@stumbleupon.com,Female,90,23,32,145,TRUE,Documentary
969,Phillip,Kenyam,pkenyamqw@yelp.com,Male,89,33,97,219,TRUE,Drama
970,Jessie,Phateplace,jphateplaceqx@oaic.gov.au,Male,43,29,47,119,TRUE,Documentary
971,Elsi,Capell,ecapellqy@last.fm,Female,11,3,22,36,FALSE,Comedy
972,Kali,Gidley,kgidleyqz@google.fr,Female,50,39,38,127,TRUE,Animation|Children|Fantasy|Musical
973,Leupold,Gladdis,lgladdisr0@paypal.com,Male,79,29,47,155,TRUE,Comedy|Drama|Romance
974,Britteny,Yirrell,byirrellr1@nature.com,Female,67,40,6,113,TRUE,Comedy|Romance
975,Clare,Toffoletto,ctoffolettor2@facebook.com,Male,89,70,79,238,TRUE,Comedy|Drama|Romance
976,Fae,Batstone,fbatstoner3@patch.com,Female,10,44,20,74,FALSE,Drama
977,Valle,Gage,vgager4@reddit.com,Male,80,32,90,202,TRUE,Comedy|Romance
978,Tades,Cochern,tcochernr5@hud.gov,Male,46,93,77,216,TRUE,Crime|Drama|Thriller
979,Ker,Brewins,kbrewinsr6@loc.gov,Male,49,82,53,184,TRUE,Comedy
980,Dunc,Matthewson,dmatthewsonr7@opensource.org,Male,NaN,22,97,119,TRUE,Comedy|Drama|Thriller
981,Tammy,Mirfield,tmirfieldr8@smh.com.au,Male,83,16,49,148,TRUE,Drama|Fantasy|Horror|Mystery
982,Henriette,Eglise,hegliser9@odnoklassniki.ru,Female,2,61,31,94,FALSE,Animation|Comedy
983,Rana,Walklott,rwalklottra@nasa.gov,Female,53,66,74,193,TRUE,Comedy|Drama|Romance
984,Bill,Lonsdale,blonsdalerb@opensource.org,Male,7,94,84,185,TRUE,Comedy
985,Dyanne,Figgins,dfigginsrc@so-net.ne.jp,Female,69,54,16,139,TRUE,Comedy
986,Sancho,Gossington,sgossingtonrd@netvibes.com,Male,17,67,30,114,TRUE,Documentary
987,Elsa,Crolly,ecrollyre@clickbank.net,Female,52,59,69,180,TRUE,Action|Drama
988,Hermie,Ortes,hortesrf@tumblr.com,Male,13,57,61,131,TRUE,Comedy
989,Garey,Bennie,gbennierg@stanford.edu,Male,16,21,83,120,TRUE,Action|Comedy|Crime|Drama|Thriller
990,Hatti,Budge,hbudgerh@bbb.org,Female,82,4,18,275,FALSE,Drama|Thriller
991,Adriano,Roumier,aroumierri@bbc.co.uk,Male,97,21,53,171,TRUE,Comedy|Musical
992,Retha,Lorenz,rlorenzrj@w3.org,Female,46,83,14,143,TRUE,Drama|Musical|Romance
993,Ciel,Sherebrook,csherebrookrk@elegantthemes.com,Female,76,91,79,246,TRUE,Comedy
994,Reyna,Deacock,rdeacockrl@bbb.org,Female,11,43,42,96,FALSE,Comedy
995,Carleen,Piscopo,cpiscoporm@cisco.com,Female,13,70,7,90,FALSE,Children|Drama
996,Virge,Hawkin,vhawkinrn@so-net.ne.jp,Male,31,49,96,176,TRUE,Action|Adventure|Animation|Sci-Fi|Thriller
997,Etty,Lippiello,elippielloro@a8.net,Female,88,92,42,222,TRUE,Drama|Horror
998,Sadie,Rosenwasser,srosenwasserrp@example.com,Female,42,11,22,75,FALSE,Drama
999,Jacklin,Brightie,jbrightierq@histats.com,Female,68,12,67,147,TRUE,Comedy
1000,Darsey,Trude,dtruderr@wix.com,Female,NaN,64,66,130,FALSE,Animation|Children
